Matični broj,Naziv preduzeća,Sedište,Adresa,Opština,Naziv opštine,Delatnost (KD 2010),Naziv delatnosti,Veličina preduzeća,Naziv osnivača,Napomena,Procenat udela osnivača,Ukupni prihodi (AOP 201+215+217),Ukupni rashodi (AOP 207+216+218),Svega (AOP 207),Nabavna vrednost prodate robe (AOP 208),Troškovi materijala (AOP 209),"Troškovi zarada, naknada zarada i ostali lični rashodi (AOP 210)",Troškovi amortizacije i rezervisanja (AOP 211),Ostali poslovni rashodi (AOP 212),Finansijski rashodi (AOP 216),Ostali rashodi (AOP 218),Neto dobitak (AOP 229),Neto gubitak (AOP 230),Broj zaposlenih (AOP 605)
7100124,JKSP ALEKSANDROVAC ALEKSANDROVAC,Aleksandrovac,10 Avgusta 46,70017,Aleksandrovac,3600,"Skupljanje, prečišćavanje i distribucija vode               ",srednje,SKUPŠTINA OPŠTINE ALEKSANDROVAC,,100,111666,111284,106944,1449,26786,56916,10388,11405,2646,1694,382,0,140
17287419,JP INFORMATIVNI CENTAR OPŠTINE ALEKSANDROVAC - U LIKVIDACIJI,Aleksandrovac,10. Avgust bb,70017,Aleksandrovac,6020,Proizvodnja i emitovanje televizijskog programa             ,malo,SKUPŠTINA OPŠTINE ALEKSANDROVAC,,100,0,7,7,0,0,0,0,7,0,0,0,7,0
20488808,"JP POSLOVNI CENTAR ALEKSANDROVAC-ŽUPA, ALEKSANDROVAC",Aleksandrovac,10. avgusta bb,70017,Aleksandrovac,5221,Uslužne delatnosti u kopnenom saobraćaju                    ,malo,SKUPŠTINA OPŠTINE ALEKSANDROVAC,,100,0,0,0,0,0,0,0,0,0,0,0,0,0
7187564,REČ RADNIKA,Aleksinac,Dušana Trivunca 5-11,70025,Aleksinac,6020,Proizvodnja i emitovanje televizijskog programa             ,malo,SKUPŠTINA OPŠTINE ALEKSINAC,,0,15275,15128,15117,0,638,8482,617,5380,0,11,132,0,26
7993447,JP ZA PUTEVE I STAMBENO KOMUNALNU DELATNOST ALEKSINAC,Aleksinac,7 juli 12,70025,Aleksinac,4211,Izgradnja puteva i autoputeva                               ,malo,SKUPŠTINA OPŠTINE ALEKSINAC,,100,35654,34542,33279,0,13773,17343,562,1601,23,1240,1147,0,43
20274301,JKP VODOVOD I KANALIZACIJA ALEKSINAC,Aleksinac,Petra Zeca 35,70025,Aleksinac,3600,"Skupljanje, prečišćavanje i distribucija vode               ",srednje,SKUPŠTINA OPŠTINE ALEKSINAC,,100,114578,127839,110502,0,28114,46692,17003,18693,648,16689,0,13324,99
20274328,JKP KOMUNALNE USLUGE ALEKSINAC,Aleksinac,Knjaz Miloša 29,70025,Aleksinac,3811,Skupljanje otpada koji nije opasan,malo,SKUPŠTINA OPŠTINE ALEKSINAC,,100,69199,68549,62973,0,8002,44113,4884,5974,94,5482,520,0,93
7113323,BUKULJA,Aranđelovac,Branislava Nušića 1,70033,Aranđelovac,3600,"Skupljanje, prečišćavanje i distribucija vode               ",srednje,Државни капитал,Lokalni nivo,100,305129,342598,295119,0,52281,193509,29315,20014,8139,39340,0,37469,363
7122802,JP ZA INFORMISANJE ŠUMADIJA ARANĐELOVAC,Aranđelovac,Kneza Mihajla 108,70033,Aranđelovac,6020,Proizvodnja i emitovanje televizijskog programa             ,malo,SKUPŠTINA OPŠTINE ARANĐELOVAC,,0,15949,18939,18769,0,866,15654,968,1281,8,162,0,2990,30
17216856,JP GAS ARANĐELOVAC,Aranđelovac,Kneza Mihaila 108,70033,Aranđelovac,3522,Distribucija gasovitih goriva gasovodom                     ,malo,OPŠTINA ARANĐELOVAC,,100,10497,10453,9975,0,606,6778,637,1954,294,184,44,0,6
20311380,JKP ZELENILO ARANĐELOVAC ARANĐELOVAC,Aranđelovac,VENAC SLOBODE 10,70033,Aranđelovac,8130,Usluge uredjenja i održavanja okoline                        ,malo,SKUPŠTINA OPŠTINE ARANĐELOVAC,,100,32651,40789,40605,0,6526,25973,1312,6794,161,23,0,8138,50
7350538,RZAV,Arilje,Čačanska bb,70041,Arilje,3600,"Skupljanje, prečišćavanje i distribucija vode               ",srednje,SKUPŠTINA GRADA ČAČKA,,0,128428,215725,215489,0,31984,61771,114092,7642,0,236,0,87297,74
7350538,,,,70041,,,,,SKUPŠTINA OPŠTINE POŽEGA,,0,,,,,,,,,,,,,
7350538,,,,70041,,,,,Скупштина општине Горњи Милановац,,0,,,,,,,,,,,,,
7350538,,,,70041,,,,,SKUPŠTINA OPŠTINE LUČANI,,0,,,,,,,,,,,,,
7350538,,,,70041,,,,,SKUPŠTINA OPŠTINE ARILJE,,0,,,,,,,,,,,,,
17268104,ZELEN,Arilje,Vojvode Mišića 38,70041,Arilje,3600,"Skupljanje, prečišćavanje i distribucija vode               ",malo,SKUPŠTINA OPŠTINE ARILJE,,100,58555,58492,57908,0,20555,24345,2384,10624,302,282,63,0,53
7328389,KOMUNALAC,Babušnica,7. juli 20,70050,Babušnica,3600,"Skupljanje, prečišćavanje i distribucija vode               ",malo,SKUPŠTINA OPŠTINE BABUŠNICA,,100,23274,28424,27861,0,8761,15930,903,2267,537,26,0,5150,41
20685107,JP BB TERM BAJINA BAŠTA,Bajina Bašta,KNEZA MILANA OBRENOVIĆA 34/2,70068,Bajina Bašta,3530,Snabdevanje parom i klimatizacija                           ,malo,SKUPŠTINA OPŠTINE BAJINA BAŠTA,,100,,,,,,,,,,,,,
7352930,JKP 7.JULI BATOČINA,Batočina,Kralja Petra I 21,70076,Batočina,3530,Snabdevanje parom i klimatizacija                           ,malo,Државни капитал,Lokalni nivo,0,37240,45486,43312,127,17940,20358,736,4151,2045,129,0,8246,44
7306890,KOMNIS,Bela Palanka,Srpskih vladara 51,70084,Bela Palanka,3600,"Skupljanje, prečišćavanje i distribucija vode               ",malo,SKUPŠTINA OPŠTINE BELA PALANKA,,100,37986,48055,45888,0,6016,32598,1623,5651,370,1797,0,10069,84
17479237,BELA PALANKA,Bela Palanka,Srpskih Vladaraa 52,70084,Bela Palanka,5914,Delatnost prikazivanja kinematografskih dela,malo,SKUPŠTINA OPŠTINE BELA PALANKA,,100,19373,19373,18465,1596,882,12717,114,3156,828,80,0,0,22
7006578,10. OKTOBAR,Barajevo,BARAJEVSKA 1,70092,Beograd-Barajevo,3600,"Skupljanje, prečišćavanje i distribucija vode               ",malo,SKUPŠTINA OPŠTINE BARAJEVO,,100,108099,105997,96230,0,31054,38101,5725,21350,39,9728,1988,0,61
7048971,INFOSTAN,Beograd (Voždovac),Danijelova 33,70106,Beograd-Voždovac,6311,"Obrada podataka, hosting i sl.",veliko,"SKUPŠTINA GRADA BEOGRADA BEOGRAD, DRAGOSLAVA JOVANOVIĆA 2",,100,719319,690697,534966,0,22789,202110,30615,279452,12635,143096,26878,0,160
7486251,JP GRADSKO STAMBENO BEOGRAD,Beograd (Voždovac),Danijelova 33,70106,Beograd-Voždovac,4329,Ostali instalacioni radovi u gradjevinarstvu                 ,srednje,SKUPŠTINA GRADA BEOGRADA,,0,411530,337299,332115,0,12507,217841,33220,68547,469,4715,34736,0,180
7010109,STUDIO B,Beograd (Vračar),Masarikova 5,70114,Beograd-Vračar,6020,Proizvodnja i emitovanje televizijskog programa             ,srednje,GRAD BEOGRAD,,100,429298,426977,417344,0,10174,250431,24345,132394,414,9219,1454,0,279
7018762,JKP BEOGRADSKI VODOVOD I KANALIZACIJA BEOGRAD,Beograd (Vračar),Kneza Miloša 27,70114,Beograd-Vračar,3600,"Skupljanje, prečišćavanje i distribucija vode               ",veliko,GRAD BEOGRAD,,100,6954234,10974415,9923150,2099,1436259,2663621,4406677,1414494,118723,932542,0,4020181,2795
7030614,JKSP GROCKA GROCKA,Grocka,Petra Drapšina 21,70122,Beograd-Grocka,3600,"Skupljanje, prečišćavanje i distribucija vode               ",srednje,OPŠTINA GROCKA,,100,215384,215315,179592,889,30928,117971,11748,18056,7531,28192,608,0,186
17536320,VODOVOD I KANALIZACIJA,Grocka,Petra Drapšina 21,70122,Beograd-Grocka,3600,"Skupljanje, prečišćavanje i distribucija vode               ",srednje,SKUPŠTINA OPŠTINE GROCKA,,100,113670,113659,104021,0,18093,67201,8854,9873,3003,6635,103,0,102
7019564,OLIMP-ZVEZDARA,Beograd (Zvezdara),Vjekoslava Kovača 11,70149,Beograd-Zvezdara,9311,Delatnost sportskih objekata                                ,malo,SO ZVEZDARA,,100,67730,70529,70070,672,26487,11747,5053,26111,180,279,0,2799,16
7034628,GRADSKE PIJACE,Beograd (Zvezdara),Živka Karabiberovića 3,70149,Beograd-Zvezdara,6820,Iznajmljivanje vlastitih ili iznajmljenih nekretnina i upravljanje njima,veliko,СКУПШТИНА ГРАДА БЕОГРАДА,,0,1020601,928279,897023,0,54633,305654,180201,356535,27,31229,85137,0,240
7045000,GRADSKA ČISTOĆA,Beograd (Zvezdara),MIJE KOVAČEVIĆA 4,70149,Beograd-Zvezdara,3811,Skupljanje otpada koji nije opasan,veliko,GRAD BEOGRAD,,100,4178936,3787433,3127715,20111,545906,1586326,342941,632431,7232,652486,373562,0,1838
7049455,POGREBNE USLUGE,Beograd (Zvezdara),Ruzveltova 50,70149,Beograd-Zvezdara,9603,Pogrebne i srodne delatnosti                                ,veliko,GRAD BEOGRAD,,0,816537,887753,869379,96863,124321,432111,49021,167063,91,18283,0,69872,477
7013922,LAZAREVAC,Lazarevac,Nikole Vujačića 28,70165,Beograd-Lazarevac,3600,"Skupljanje, prečišćavanje i distribucija vode               ",veliko,Opština Lazarevac,,0,498486,578537,555147,307,106886,335415,47138,65401,4053,19337,0,92521,542
17061259,RADIO LAZAREVAC,Lazarevac,Karađorđeva 20,70165,Beograd-Lazarevac,6020,Proizvodnja i emitovanje televizijskog programa             ,malo,OPŠTINA LAZAREVAC,,0,9086,8964,8959,0,271,7287,246,1155,5,0,114,0,10
20199601,JP TOPLIFIKACIJA LAZAREVAC,Lazarevac,Karađorđeva 32,70165,Beograd-Lazarevac,3530,Snabdevanje parom i klimatizacija                           ,srednje,GRADSKA OPŠTINA LAZAREVAC,,100,186587,252970,245831,296,83721,89158,37369,35287,5,7134,0,66006,96
7045859,JKP MLADENOVAC MLADENOVAC,Mladenovac (varoš),Kraljice Marije 32,70173,Beograd-Mladenovac,3600,"Skupljanje, prečišćavanje i distribucija vode               ",veliko,Државни капитал,Lokalni nivo,100,340660,340517,336554,2879,84524,160970,42792,45389,1316,2647,621,0,268
17314734,PIJACE MLADENOVAC,Mladenovac (varoš),KRALJICE MARIJE 1,70173,Beograd-Mladenovac,3811,Skupljanje otpada koji nije opasan,malo,OPŠTINA MLADENOVAC,,100,31937,31888,31812,0,2193,22578,878,6163,15,61,49,0,40
17569325,MLADENOVAC,Mladenovac (varoš),Kralja Petra I 175,70173,Beograd-Mladenovac,6020,Proizvodnja i emitovanje televizijskog programa             ,malo,OPŠTINA MLADENOVAC,,100,6523,8036,8036,0,362,5835,0,1839,0,0,0,1513,4
7020210,JKP BEOGRADSKE ELEKTRANE BEOGRAD,Beograd (Novi Beograd),Savski nasip 11,70181,Beograd-Novi Beograd,3530,Snabdevanje parom i klimatizacija                           ,veliko,SKUPŠTINA GRADA BEOGRADA,,100,12256997,14963313,14380784,126104,8896028,2359030,1309286,1690336,197278,385251,0,2722662,2287
7049285,JP SAVA CENTAR BEOGRAD,Beograd (Novi Beograd),Milentija Popovića 9,70181,Beograd-Novi Beograd,9001,Izvodjačka umetnost                                          ,srednje,SKUPŠTINA GRADA BEOGRADA,,0,642673,641605,623549,0,119300,245082,36293,222874,6190,11866,2590,0,155
7041985,JKP OBRENOVAC OBRENOVAC,Obrenovac,Cara Lazara 3/1,70190,Beograd-Obrenovac,3811,Skupljanje otpada koji nije opasan,srednje,SKUPŠTINA OPŠTINE OBRENOVAC,,100,281103,284388,269176,968,28807,120158,16186,103057,3422,11790,0,3285,171
7065809,"JP SKC OBRENOVAC, OBRENOVAC",Obrenovac,Kralja Aleksandra I 63,70190,Beograd-Obrenovac,9311,Delatnost sportskih objekata                                ,malo,OPŠTINA OBRENOVAC,,100,87189,81948,79644,3595,15547,40701,2801,17000,96,2208,5241,0,84
20190655,"JKP PARKING SERVIS OBRENOVAC, OBRENOVAC",Obrenovac,Kralja Aleksandra 10 c,70190,Beograd-Obrenovac,5221,Uslužne delatnosti u kopnenom saobraćaju                    ,malo,Скупштина општине Обреновац,,100,27573,26727,25364,0,1380,15997,1638,6349,1300,63,761,0,29
20233940,JKP TOPLOVOD OBRENOVAC,Obrenovac,Cara Lazara 3/1,70190,Beograd-Obrenovac,3530,Snabdevanje parom i klimatizacija                           ,srednje,Скупштина општине Обреновац,,100,294386,417749,409704,0,97719,78878,193043,40064,926,7119,0,123363,92
20234806,JKP VODOVOD I KANALIZACIJA OBRENOVAC,Obrenovac,Cara Lazara 3/1,70190,Beograd-Obrenovac,3600,"Skupljanje, prečišćavanje i distribucija vode               ",srednje,Скупштина општине Обреновац,,100,278195,275884,258169,0,49679,132215,35903,40372,1799,15916,2311,0,175
7029110,JVP BEOGRADVODE BEOGRAD,Beograd (Palilula),Svetozara Ćorovića 15,70203,Beograd-Palilula,4291,Izgradnja hidrotehničkih objekata,srednje,GRAD BEOGRAD,,,158215,174489,167939,0,23964,109971,5974,28030,4726,1824,0,20153,126
7046383,PARKING SERVIS,Beograd (grad),Kraljice Marije 7,70203,Beograd-Palilula,5221,Uslužne delatnosti u kopnenom saobraćaju                    ,veliko,Државни капитал,Lokalni nivo,100,1670832,1664545,1468736,3236,263151,790587,115383,296379,20361,175448,422,0,703
17463756,JP POSLOVNI CENTAR-RAKOVICA BEOGRAD,Beograd (Rakovica),Miška Kranjca 12,70211,Beograd-Rakovica,6820,Iznajmljivanje vlastitih ili iznajmljenih nekretnina i upravljanje njima,malo,SKUPŠTINA OPŠTINE RAKOVICA,,100,133556,131575,127947,0,3924,45841,5542,72640,2784,844,1879,0,69
7006888,SOPOT,Sopot,Kneza Miloša 45A,70238,Beograd-Sopot,3600,"Skupljanje, prečišćavanje i distribucija vode               ",malo,SKUPŠTINA OPŠTINE SOPOT,,0,79107,83270,81164,117,23335,43382,3397,10933,589,1517,0,4163,84
20064382,JKP PIJACE ROPOČEVO SOPOT,Sopot,Kneza Miloša 26,70238,Beograd-Sopot,3811,Skupljanje otpada koji nije opasan,malo,GRADSKA OPŠTINA SOPOT,,100,118017,117429,117429,93258,2873,15551,1822,3925,0,0,588,0,33
7022662,GSP PO,Beograd (Stari Grad),Kneginje LJubice 29,70246,Beograd-Stari Grad,4931,Gradski i prigradski kopneni prevoz putnika                 ,veliko,Скупштина града Београда,,0,9686584,11515069,11299461,10422,3657829,5739679,1328914,562617,8314,207294,0,1836130,6638
7023332,JKP BEOGRAD-PUT BEOGRAD,Beograd (Stari Grad),Nušićeva 21,70246,Beograd-Stari Grad,4211,Izgradnja puteva i autoputeva                               ,veliko,GRAD BEOGRAD,,0,7993826,7142560,6159117,0,1709284,1546157,313459,2590217,25881,957562,805588,0,1453
7023332,,,,70246,,,,,NARODNI ODBOR GRADA BEOGRADA,,0,,,,,,,,,,,,,
7066597,JKP ZELENILO-BEOGRAD BEOGRAD,Beograd (Stari Grad),Mali Kalemegdan 8,70246,Beograd-Stari Grad,8130,Usluge uredjenja i održavanja okoline                        ,veliko,"SKUPŠTINA GRADA BEOGRADA BEOGRAD, DRAGOSLAVA JOVANOVIĆA 2",,100,1936389,1928067,1910260,5297,242486,1258591,115114,288772,605,17202,6725,0,1308
17239139,URBANISTIČKI ZAVOD BEOGRADA JP BEOGRAD,Beograd (Stari Grad),Palmotićeva 30,70246,Beograd-Stari Grad,7111,Arhitektonska delatnost                                     ,srednje,Друштвени капитал,Lokalni nivo,100,286907,295108,293495,0,7905,234827,13580,37183,114,1499,0,9076,154
17416774,BEOGRADSKA TVRĐAVA,Beograd (grad),Kralja Petra 71/III,70246,Beograd-Stari Grad,9004,Rad umetničkih ustanova                                     ,malo,GRAD BEOGRAD,,100,179694,198159,198143,453,3032,26267,3628,164763,2,14,0,18465,16
20140143,SPORTSKI CENTAR MILAN GALE MUŠKATIROVIĆ JP BEOGRAD,Beograd (Stari Grad),Tadeuša Košćuška 63,70246,Beograd-Stari Grad,9311,Delatnost sportskih objekata                                ,malo,GRADSKA OPŠTINA STARI GRAD,,100,111044,110149,104473,2385,22114,42352,17712,19910,306,5370,895,0,47
7451440,ADA CIGANLIJA,Beograd (Čukarica),Ada Ciganlija 2,70254,Beograd-Čukarica,8130,Usluge uredjenja i održavanja okoline                        ,srednje,"SKUPŠTINA GRADA BEOGRADA BEOGRAD, DRAGOSLAVA JOVANOVIĆA 2",,100,241304,209042,202854,0,21402,52846,34624,93982,91,6097,26555,0,26
7451792,JP HIPODROM BEOGRAD BEOGRAD,Beograd (Čukarica),Paštrovićeva 2,70254,Beograd-Čukarica,8130,Usluge uredjenja i održavanja okoline                        ,malo,GRAD BEOGRAD,,100,41494,51470,49261,0,1815,15877,1586,29983,1260,949,0,9976,12
7216459,KOMUNALNO BLACE BLACE,Blace,Radomira Putnika bb,70262,Blace,3600,"Skupljanje, prečišćavanje i distribucija vode               ",malo,SO BLACE,,100,54858,53252,51372,0,11605,30206,2968,6593,192,1688,1530,0,70
7334419,JKP BOGATIĆ BOGATIĆ,Bogatić,Mike Vitomirovića 4,70289,Bogatić,3600,"Skupljanje, prečišćavanje i distribucija vode               ",malo,SKUPŠTINA OŠTINE BOGATIĆ,,100,27369,28728,27126,20,3879,17507,2142,3578,13,1589,0,1359,35
6250033,JP ZA VODOSNABDEVANJE BOJNIK,Bojnik,Svetog Save 35,70297,Bojnik,3600,"Skupljanje, prečišćavanje i distribucija vode               ",malo,SKUPŠTINA OPŠTINE BOJNIK,,50,33036,45376,41539,0,6100,24752,7888,2799,33,3804,0,12340,44
6250033,,,,70297,,,,,SKUPŠTINA OPŠTINE DOLJEVAC,,50,,,,,,,,,,,,,
7352964,JEDINSTVO,Bojnik,11. brigade bb,70297,Bojnik,3811,Skupljanje otpada koji nije opasan,malo,SKUPŠTINA OPŠTINE BOJNIK,,100,10608,14010,13935,0,1107,10147,1443,1238,12,63,0,2345,25
7183267,USLUGA,Boljevac,Timočke bune 2,70319,Boljevac,3811,Skupljanje otpada koji nije opasan,malo,Државни капитал,Lokalni nivo,0,46525,46056,42493,0,12445,21737,2034,6277,806,2757,464,0,63
7147317,"ŠTAMPA, RADIO I FILM",Bor,Moše Pijade 19,70327,Bor,6020,Proizvodnja i emitovanje televizijskog programa             ,malo,Државни капитал,Lokalni nivo,,49874,58476,57524,55,3771,42899,1261,9538,321,631,0,8602,65
7148372,3.OKTOBAR,Bor,7 jula 60,70327,Bor,3811,Skupljanje otpada koji nije opasan,srednje,SKUPŠTINA OPŠTINE BOR,,100,158810,170381,167116,1070,27747,108091,7421,22787,2768,497,0,11596,210
7183453,VODOVOD,Bor,Čočetova 16,70327,Bor,3600,"Skupljanje, prečišćavanje i distribucija vode               ",srednje,SKUPŠTINA OPŠTINE BOR,,100,189481,296825,249496,0,77396,119862,36248,15990,29243,18086,0,107372,209
7203144,BORPREVOZ - U STEČAJU,Bor,Vasić Milana Perice 6,70327,Bor,4931,Gradski i prigradski kopneni prevoz putnika                 ,malo,OPŠTINA BOR,,100,4383,10715,10649,0,427,3270,3358,3594,66,0,0,6332,15
7342578,BOR,Bor,Nikole Pašića 14,70327,Bor,4329,Ostali instalacioni radovi u gradjevinarstvu                 ,malo,Државни капитал,Lokalni nivo,100,40528,51695,49812,0,2250,35422,5696,6444,1507,376,0,11167,40
7384432,BOGOVINA,Bor,Čočetova 16,70327,Bor,7022,Konsultantske aktivnosti u vezi s poslovanjem i ostalim upravljanjem,malo,OPŠTINA BOLJEVAC,,1.08,36918,43409,29648,0,5009,12455,5394,6790,584,13177,0,6491,20
7384432,,,,70327,,,,,SKUPŠTINA GRADA ZAJEČARA,,3.24,,,,,,,,,,,,,
7384432,,,,70327,,,,,OPŠTINA NEGOTIN,,4.15,,,,,,,,,,,,,
7384432,,,,70327,,,,,SKUPŠTINA OPŠTINE BOR,,91.53,,,,,,,,,,,,,
17441531,JKP TOPLANA BOR Đ.A KUNA 12,Bor,Đorđa Andrejevića Kuna 12,70327,Bor,3530,Snabdevanje parom i klimatizacija                           ,srednje,SKUPŠTINA OPŠTINE BOR,,100,439435,584569,486135,0,289324,108189,39103,49519,68295,30139,0,145025,158
7357362,JP USLUGA BOSILEGRAD,Bosilegrad,Dobrodolski potok bb,70335,Bosilegrad,3600,"Skupljanje, prečišćavanje i distribucija vode               ",malo,Државни капитал,Lokalni nivo,100,18279,18260,18218,1642,3911,10975,792,898,42,0,17,0,28
7262957,JKP RASINA BRUS,Brus,Kralja Petra Prvog bb,70343,Brus,3600,"Skupljanje, prečišćavanje i distribucija vode               ",srednje,SKUPŠTINA OPŠTINE BRUS,,0,68384,71397,69487,0,14624,37810,2944,14109,756,1154,0,3013,83
7267452,KOMUNALAC,Bujanovac,Karađorđev trg 1,70351,Bujanovac,3811,Skupljanje otpada koji nije opasan,srednje,SKUPŠTINA OPŠTINE BUJANOVAC,,0,125643,142715,140348,0,29013,85731,4098,21506,2287,80,0,17072,175
6121179,RADIO VALJEVO,Valjevo,Vojvode Mišića 21,70360,Valjevo-grad,6020,Proizvodnja i emitovanje televizijskog programa             ,malo,SKUPŠTINA OPŠTINE VALJEVO,,0,12497,12517,12395,0,1466,9108,212,1609,33,89,0,20,28
7096844,JKP VIDRAK VALJEVO,Valjevo,Vojvode Mišića 50,70360,Valjevo-grad,3811,Skupljanje otpada koji nije opasan,srednje,SKUPŠTINA OPŠTINE VALJEVO,,100,198970,193238,189337,2722,36856,96329,12408,41022,108,3793,5660,0,200
7096852,JP POLET VALJEVO,Valjevo,VLADIKE NIKOLAJA 25,70360,Valjevo-grad,6820,Iznajmljivanje vlastitih ili iznajmljenih nekretnina i upravljanje njima,malo,СКУПШТИНА ОПШТИНЕ ВАЉЕВО,,100,38764,31997,29651,0,1352,19921,3539,4839,0,2346,6610,0,34
7136277,VODOVOD VALJEVO,Valjevo,Vuka Karadžića 26,70360,Valjevo-grad,3600,"Skupljanje, prečišćavanje i distribucija vode               ",srednje,Државни капитал,Lokalni nivo,0,264587,310852,297329,0,61596,121757,50654,63322,1291,12232,0,46787,215
7357494,JKP TOPLANA-VALJEVO VALJEVO,Valjevo,OBILAZNI PUT bb,70360,Valjevo-grad,3530,Snabdevanje parom i klimatizacija                           ,srednje,Државни капитал,Lokalni nivo,100,191087,187025,178976,0,94676,42582,639,41079,6804,1245,4084,0,65
7367384,JP KOLUBARA VALJEVO,Valjevo,Pop Lukina 6 a,70360,Valjevo-grad,3600,"Skupljanje, prečišćavanje i distribucija vode               ",malo,GRADSKA OPŠTINA LAZAREVAC,,0.5,26228,26228,26228,0,909,21102,1198,3019,0,0,0,0,18
7367384,,,,70360,,,,,OPŠTINA LAJKOVAC,,0.5,,,,,,,,,,,,,
7367384,,,,70360,,,,,OPŠTINA MIONICA,,0.5,,,,,,,,,,,,,
7367384,,,,70360,,,,,СКУПШТИНА ОПШТИНЕ ВАЉЕВО,,98,,,,,,,,,,,,,
7367384,,,,70360,,,,,OPŠTINA UB,,0.5,,,,,,,,,,,,,
7679181,JP VALJEVO-TURIST VALJEVO,Valjevo,Prote Mateje 1,70360,Valjevo-grad,5510,Hoteli i sličan smeštaj                                     ,malo,СКУПШТИНА ОПШТИНЕ ВАЉЕВО,,100,15040,15309,14415,473,687,7313,997,4945,134,760,0,282,11
20026235,JP OSA VALJEVO,Valjevo,Vuka Karadžića 54,70360,Valjevo-grad,4110,Razrada gradjevinskih projekata                              ,malo,СКУПШТИНА ОПШТИНЕ ВАЉЕВО,,100,18797,18345,18345,0,418,5672,139,12116,0,0,452,0,9
7218281,JKP VARVARIN VARVARIN,Varvarin,"Juhorska, Tržni centar Lamela V /",70378,Varvarin,3600,"Skupljanje, prečišćavanje i distribucija vode               ",malo,SKUPŠTINA OPŠTINE VARVARIN,,100,42365,41818,40663,162,11503,21395,2851,4752,834,321,444,0,50
7160763,JAVNO KOMUNALNO PREDUZEĆE MILOŠ MITROVIĆ VELIKA PLANA,Velika Plana,Vojvode Mišića 1,70386,Velika Plana,3600,"Skupljanje, prečišćavanje i distribucija vode               ",srednje,SKUPŠTINA OPŠTINE VELIKA PLANA,,100,106327,128663,123367,1836,36307,68483,6437,10304,4251,1045,0,22354,157
17112171,MORAVA,Velika Plana,Miloša Velikog 37,70386,Velika Plana,3600,"Skupljanje, prečišćavanje i distribucija vode               ",malo,"OPŠTINA SMEDEREVSKA PALANKA SMEDEREVSKA PALANKA, VUKA KARADZIĆA 25",,50,981,1518,1415,0,18,771,32,594,0,103,0,537,1
17112171,,,,70386,,,,,SKUPŠTINA OPŠTINE VELIKA PLANA,,50,,,,,,,,,,,,,
20491388,JP GRADSKA TOPLANA VELIKA PLANA,Velika Plana,Despota Stefana 46a,70386,Velika Plana,3530,Snabdevanje parom i klimatizacija                           ,malo,"OPŠTINA VELIKA PLANA VELIKA PLANA,  MILOŠA VELIKOG 30",,100,,,,,,,,,,,,,
7347189,JAKOP IZVOR VLADIMIRCI,Vladimirci,Svetog Save 25,70408,Vladimirci,3600,"Skupljanje, prečišćavanje i distribucija vode               ",malo,SKUPŠTINA OPŠTINE VLADIMIRCI,,0,41438,40515,36439,0,11661,14897,4062,5819,128,3948,831,0,38
20663901,JP VODOVOD VLADIČIN HAN,Vladičin Han,VLADIKE PAJSIJA bb,70416,Vladičin Han,3600,"Skupljanje, prečišćavanje i distribucija vode               ",malo,SKUPŠTINA OPŠTINE VLADIČIN HAN,,100,,,,,,,,,,,,,
20663944,JP ZA KOMUNALNO UREĐENJE VLADIČIN HAN,Vladičin Han,VLADIKE PAJSIJA bb,70416,Vladičin Han,3811,Skupljanje otpada koji nije opasan,malo,SKUPŠTINA OPŠTINE VLADIČIN HAN,,100,,,,,,,,,,,,,
17224239,JKP KOMUNALAC VLASOTINCE,Vlasotince,Konopnička 5,70424,Vlasotince,3811,Skupljanje otpada koji nije opasan,malo,JAVNO KOMUNALNO PREDUZEĆE 'KOMUNALAC' VLASOTINCE,,100,18664,20944,20587,1037,1016,15766,1992,776,343,14,0,2219,51
17224247,JKP VODOVOD VLASOTINCE,Vlasotince,Nemanjina 36,70424,Vlasotince,3600,"Skupljanje, prečišćavanje i distribucija vode               ",srednje,"JAVNO KOMUNALNO PREDUZEĆE VODOVOD VLASOTINCE, NEMANJINA 36",,100,38842,65046,61017,0,13236,26645,17071,4065,666,3363,0,26204,74
7196709,JP KOMRAD VRANJE,Vranje,Sima Pogačarevića 97,70432,Vranje-grad,3811,Skupljanje otpada koji nije opasan,srednje,SKUPŠRINA OPŠTINE VRANJE,,0,188716,187589,182958,1652,22611,125040,19363,14292,211,4420,5550,0,207
7204981,NOVI DOM,Vranje,Kralja Stefana Prvovenčanog 99,70432,Vranje-grad,3530,Snabdevanje parom i klimatizacija                           ,malo,OPŠTINA VRANJE,,100,95060,93948,77530,0,34931,33874,1647,7078,1285,15133,929,0,41
7226560,VODOVOD,Vranje,Beogradska 63,70432,Vranje-grad,3600,"Skupljanje, prečišćavanje i distribucija vode               ",srednje,NARODNI ODBOR OPŠTINE VRANJE,,0,305491,299845,287200,0,81305,158118,22853,24924,7025,5620,7489,0,248
7285531,RT  VRANJE,Vranje,Partizanska 17 a,70432,Vranje-grad,6020,Proizvodnja i emitovanje televizijskog programa             ,malo,SO VRANJE,,100,39912,39900,39270,332,1077,31612,1021,5228,7,623,12,0,51
17223437,ZAVOD ZA URBANIZAM,Vranje,Lole Ribara 1,70432,Vranje-grad,7111,Arhitektonska delatnost                                     ,malo,SUPŠTINA OPŠTINE VRANJE,,100,11902,11338,11206,0,707,9724,97,678,132,0,564,0,14
17620975,JP BORJAK VRNJAČKA BANJA,Vrnjačka Banja,Žike Valjarevića 1,70459,Vrnjačka Banja,210,Gajenje šuma i ostale šumarske delatnosti                   ,srednje,SKUPŠTINA OPŠTINE VRNJAČKA BANJA,,100,164912,164840,160506,0,47888,87625,4899,20094,3375,959,26,0,204
17620983,BELI IZVOR,Vrnjačka Banja,Žike Valjarevića 1,70459,Vrnjačka Banja,3600,"Skupljanje, prečišćavanje i distribucija vode               ",srednje,SKUPŠTINA OPŠTINE VRNJAČKA BANJA,,0,196372,193783,183680,2112,29456,110295,16973,24844,3614,6489,1952,0,235
17100505,"""ZAPLANJSKE NOVINE""Gadžin Han                                         ",Gadžin Han,Miloša Obilića bb,70467,Gadžin Han,4690,Nespecijalizovana trgovina na veliko                        ,malo,,,,0,0,0,0,0,0,0,0,0,0,0,0,0
7200579,GOLUBAC,Golubac,Cara Lazara 21,70475,Golubac,3600,"Skupljanje, prečišćavanje i distribucija vode               ",malo,SKUPŠTINA OPŠTINE GOLUBAC,,0,17650,28538,24230,0,6862,14183,766,2419,4167,141,0,10888,35
7192819,JKP GORNJI MILANOVAC GORNJI MILANOVAC,Gornji Milanovac,Vojvode Mišića 23,70483,Gornji Milanovac,3600,"Skupljanje, prečišćavanje i distribucija vode               ",srednje,SKUPŠTINA OPŠTINE GORNJI MILANOVAC,,100,251114,265337,229164,227,82368,90472,30464,25633,1242,34931,0,14100,178
7183747,KSP STAN JP DESPOTOVAC,Despotovac,Pavla Ivića 1,70491,Despotovac,3600,"Skupljanje, prečišćavanje i distribucija vode               ",malo,SKUPŠTINA OPŠTINE DESPOTOVAC,,0,47687,47157,46656,0,11170,25770,1464,8252,135,366,506,0,63
7299974,KOMUNALAC,Dimitrovgrad,Balkanska 30,70505,Dimitrovgrad,3600,"Skupljanje, prečišćavanje i distribucija vode               ",srednje,SKUPŠTINA OPŠTINE DIMITROVGRAD,,0,221404,216516,208928,0,40707,117953,13231,37037,784,6804,4888,0,184
17495569,JP PUKOVAC-PUKOVAC,Pukovac,/ /,70513,Doljevac,4789,Trgovina na malo ostalom robom na tezgama i pijacama        ,malo,SKUPŠTINA OPŠTINE DOLJEVAC,,100,5411,5336,5089,0,472,4014,0,603,0,247,75,0,11
7221061,JAVNO KOMUNALNO PREDUZEĆE BELOSAVAC,Žagubica,Homoljska 62,70530,Žagubica,3600,"Skupljanje, prečišćavanje i distribucija vode               ",malo,SKUPŠTINA OPŠTINE ŽAGUBICA,,0,66232,65862,65665,163,10559,20198,1647,33098,2,195,261,0,43
17610716,ŽITORAĐA,Žitorađa,Toplički Heroji 51,70548,Žitorađa,3811,Skupljanje otpada koji nije opasan,malo,SKUPŠTINA OPŠTINE ŽITORAĐA,,100,10234,13527,13527,0,668,10941,191,1727,0,0,0,3293,18
7183372,JKP VODOVOD ZAJEČAR,Zaječar,Moravska 5,70556,Zaječar-grad,3600,"Skupljanje, prečišćavanje i distribucija vode               ",srednje,Државни капитал,Lokalni nivo,0,139376,222399,195630,0,30265,76944,77536,10885,10664,16105,0,83053,156
7202687,KRALJEVICA,Zaječar,Vojvode Putnika 7 a,70556,Zaječar-grad,3811,Skupljanje otpada koji nije opasan,srednje,SKUPŠTINA OPŠTINE ZAJEČAR,,0,157760,163244,143992,7586,21039,96484,10286,8597,2916,16336,0,5484,199
7311281,JKP TOPLANA ZAJEČAR - U LIKVIDACIJI,Zaječar,Generala Gambete bb,70556,Zaječar-grad,3530,Snabdevanje parom i klimatizacija                           ,malo,SKUPŠTINA GRADA ZAJEČARA,,100,15754,39491,18428,0,90,14226,1784,2328,4448,16615,0,23737,28
17263749,ZAJEČAR,Zaječar,Nikole Pašića 68,70556,Zaječar-grad,4339,Ostali završni radovi                                       ,malo,OPŠTINA ZAJEČAR,,100,15087,15633,15382,339,517,11842,357,2327,1,250,0,546,20
20660287,JP OBJEDINJENA NAPLATA ZAJEČAR,Zaječar,SVETOZARA MARKOVIĆA 6,70556,Zaječar-grad,6311,"Obrada podataka, hosting i sl.",malo,SKUPŠTINA GRADA ZAJEČARA,,100,,,,,,,,,,,,,
7216840,JKP KOMUNALNO IVANJICA,Ivanjica,Zorana Đinđića 61,70564,Ivanjica,3600,"Skupljanje, prečišćavanje i distribucija vode               ",srednje,SKUPŠTINA OPŠTINE IVANJICA,,100,88137,84822,71984,554,11249,45584,3810,10787,192,12646,3282,0,83
20296895,JIP IVANJIČKI RADIO JP IVANJICA,Ivanjica,Venijamina Marinkovića bb,70564,Ivanjica,6020,Proizvodnja i emitovanje televizijskog programa             ,malo,SKUPŠTINA OPŠTINE IVANJICA,,100,7483,7457,7457,0,112,7067,160,118,0,0,7,0,8
7213573,JP JEDINSTVO KLADOVO,Kladovo,Dunavska 15,70572,Kladovo,3530,Snabdevanje parom i klimatizacija                           ,srednje,SKUPŠTINA OPŠTINE KLADOVO,,100,155917,153750,146559,0,69388,62649,5315,9207,2215,4976,2033,0,112
7658702,KOMUNALAC,Kladovo,Dunavski kej bb,70572,Kladovo,3811,Skupljanje otpada koji nije opasan,malo,SKUPŠTINA OPŠTINE KLADOVO,,100,51041,50997,50752,0,6630,38707,3331,2084,37,208,18,0,84
7329733,KOMUNALAC,Knić,Knić //,70599,Knić,3600,"Skupljanje, prečišćavanje i distribucija vode               ",malo,SIZ STANOVANJA OPŠTINE KNIĆ,,0,20663,23292,22387,0,7534,11540,1443,1870,469,436,0,2629,18
7208324,JKP STANDARD-KNJAŽEVAC,Knjaževac,Kaplarova 8,70602,Knjaževac,3600,"Skupljanje, prečišćavanje i distribucija vode               ",srednje,SKUPŠTINA OPŠTINE KNJAŽEVAC,,100,126788,148838,134989,5519,23418,65919,25785,14348,4811,9038,0,23068,152
7110111,KJP ELAN KOSJERIĆ,Kosjerić (varoš),Nikole Tesle 1,70629,Kosjerić,3600,"Skupljanje, prečišćavanje i distribucija vode               ",malo,SKUPŠTINA OPŠTINE KOSJERIĆ,,100,45468,48673,48201,0,8627,23810,9416,6348,0,472,0,3205,44
17496255,GRADSKA TOPLANA,Kosjerić (varoš),Olge Grbić bb,70629,Kosjerić,3530,Snabdevanje parom i klimatizacija                           ,malo,SKUPŠTINA OPŠTINE KOSJERIĆ,,100,20569,20232,20228,0,10449,6523,1637,1619,0,4,337,0,9
7347103,JKP PROGRES KOCELJEVA,Koceljeva,Dušanova 2,70637,Koceljeva,3600,"Skupljanje, prečišćavanje i distribucija vode               ",malo,SKUPŠTINA OPŠTINE KOCELJEVA,,0,35148,34615,33274,0,4544,20221,1877,6632,190,1151,533,0,33
6875793,RADIO-TELEVIZIJA KRAGUJEVAC,Kragujevac,Branka Radičevića 9,70645,Kragujevac-grad,6020,Proizvodnja i emitovanje televizijskog programa             ,malo,Државни капитал,Lokalni nivo,100,80659,82408,80787,0,4088,64117,3091,9491,136,1485,0,1749,100
7165439,JKP VODOVOD I KANALIZACIJA KRAGUJEVAC,Kragujevac,Kralja Aleksandra I Karađorđevića 4,70645,Kragujevac-grad,3600,"Skupljanje, prečišćavanje i distribucija vode               ",veliko,NARODNI ODBOR OPŠTINE KRAGUJEVAC,,0,889638,888397,850279,10412,202531,495778,80753,60805,23738,14380,0,8356,713
7165447,MLADOST,Kragujevac,GRADA SIRENA 15,70645,Kragujevac-grad,9311,Delatnost sportskih objekata                                ,srednje,Државни капитал,Lokalni nivo,100,113182,167794,164455,5614,22825,87028,38814,10174,254,3085,0,54612,113
7165471,JSP KRAGUJEVAC KRAGUJEVAC,Kragujevac,Nikole Pašića 2,70645,Kragujevac-grad,4339,Ostali završni radovi                                       ,srednje,SKUPŠTINA OPŠINE KRAGUJEVAC,,100,51512,69473,61831,1610,5431,41125,943,12722,2908,4734,0,17961,65
7165862,JAVNO PREDUZEĆE DIREKCIJA ZA URBANIZAM - KRAGUJEVAC,Kragujevac,Kralja Petra I 23,70645,Kragujevac-grad,7111,Arhitektonska delatnost                                     ,srednje,SKUPŠTINA OPŠINE KRAGUJEVAC,,100,124055,115442,115438,22,3905,91061,4902,15548,1,3,8613,0,60
7166222,ZELENILO,Kragujevac,Svetozara Markovića 109,70645,Kragujevac-grad,8130,Usluge uredjenja i održavanja okoline                        ,malo,Скупштина града Крагујевца,,100,81585,86210,84989,3692,14271,51313,3398,12315,593,628,0,4625,88
7337167,ČISTOĆA,Kragujevac,Industrijska 12,70645,Kragujevac-grad,3811,Skupljanje otpada koji nije opasan,srednje,SKUPŠTINA OPŠINE KRAGUJEVAC,,100,272589,270268,255113,8222,42400,160710,17980,25801,7663,7492,2237,0,223
7343949,JKP GRADSKA GROBLJA KRAGUJEVAC,Kragujevac,Jovanovački put bb,70645,Kragujevac-grad,9603,Pogrebne i srodne delatnosti                                ,srednje,SKUPŠTINA OPŠINE KRAGUJEVAC,,100,102447,101551,96637,11367,19967,54632,5452,5219,1803,3111,896,0,91
7377878,NISKOGRADNJA,Kragujevac,Kneza Miloša 25,70645,Kragujevac-grad,4211,Izgradnja puteva i autoputeva                               ,srednje,Скупштина града Крагујевца,,100,394320,383659,376429,0,189374,123999,13344,49712,6202,1028,10661,0,173
17124048,"JKP GRADSKE TRŽNICE, KRAGUJEVAC",Kragujevac,Crveno barjače 1,70645,Kragujevac-grad,4789,Trgovina na malo ostalom robom na tezgama i pijacama        ,srednje,SKUPŠTINA GRADA KRAGUJEVCA,,100,141829,166293,151379,3822,14716,107784,13817,11240,11048,3866,0,24473,150
17272519,JP GSA KRAGUJEVAC,Kragujevac,Nikole Pašića 6,70645,Kragujevac-grad,6499,"Ostale nepomenute finansijske usluge, osim osiguranja i penzijskih fondova",srednje,Град Крагујевац,,100,32619,30443,29521,6063,1099,17716,600,4043,921,1,1959,0,17
17504894,JKP PARKING SERVIS KRAGUJEVAC,Kragujevac,Vojislava Kalanovića bb,70645,Kragujevac-grad,5221,Uslužne delatnosti u kopnenom saobraćaju                    ,malo,GRAD KRAGUJEVAC,,100,81709,79393,77407,0,5347,60875,1698,9487,244,1742,2316,0,79
7190778,PUTEVI,Kraljevo,Cara Lazara 44,70653,Kraljevo-grad,4211,Izgradnja puteva i autoputeva                               ,srednje,SKUPŠTINA OPŠTINE KRALJEVO,,100,392731,405626,396526,0,190721,114740,12170,78895,3728,5372,0,13731,151
7190859,JP TOPLANA KRALJEVO,Kraljevo,Cara Lazara 52A,70653,Kraljevo-grad,3530,Snabdevanje parom i klimatizacija                           ,srednje,SKUPŠTINA OPŠTINE KRALJEVO,,100,348628,346003,332550,0,201366,85543,24476,21165,1080,12373,2625,0,73
7190891,JKP VODOVOD KRALJEVO,Kraljevo,27. marta 2,70653,Kraljevo-grad,3600,"Skupljanje, prečišćavanje i distribucija vode               ",srednje,SKUPŠTINA OPŠTINE KRALJEVO,,0,288012,351984,333819,39,63948,186433,54264,29135,852,17313,0,64901,231
7190905,JKP ĆISTOĆA JP KRALJEVO,Kraljevo,Žička 10v,70653,Kraljevo-grad,3811,Skupljanje otpada koji nije opasan,srednje,OPŠTINA KRALJEVO,,100,253354,255491,241993,16625,29676,148625,15104,31963,266,13232,2863,0,228
7194374,JP OSA KRALJEVO,Kraljevo,Cara Lazara 84 a,70653,Kraljevo-grad,6832,Upravljanje nekretninama za naknadu                         ,malo,SKUPŠTINA OPŠTINE KRALJEVO,,0,43049,40544,39674,0,1296,21184,2681,14513,1,869,2306,0,23
7195591,JKP PIJACA KRALJEVO,Kraljevo,BEOGRADSKA 42 e,70653,Kraljevo-grad,3811,Skupljanje otpada koji nije opasan,srednje,SKUPŠTINA OPŠTINE KRALJEVO,,0,118103,116327,105262,0,4887,71627,6802,21946,4183,6882,1748,0,89
7143974,POSLOVNI CENTAR KRUŠEVAC JP,Kruševac,Trg kosovskih junaka 6,70670,Kruševac-grad,5221,Uslužne delatnosti u kopnenom saobraćaju                    ,srednje,GRAD KRUŠEVAC,,0,131927,130903,129233,247,6770,91280,4515,26421,1084,586,1198,0,181
7145667,KRUŠEVAC,Kruševac,Jasički put bb,70670,Kruševac-grad,3811,Skupljanje otpada koji nije opasan,srednje,Државни капитал,Lokalni nivo,100,282747,282617,273357,7299,41928,184551,20452,19127,6786,2474,130,0,305
7145837,JKP VODOVOD-KRUŠEVAC KRUŠEVAC,Kruševac,Dušanova 46,70670,Kruševac-grad,3600,"Skupljanje, prečišćavanje i distribucija vode               ",veliko,SKUPŠTINA OPŠTINA KRUŠEVAC,,0,385724,385150,364240,0,82423,198776,26738,56303,139,20771,284,0,316
7194455,RTK KRUŠEVAC,Kruševac,Trg kosovskih junaka 6,70670,Kruševac-grad,6020,Proizvodnja i emitovanje televizijskog programa             ,malo,GRAD KRUŠEVAC,,100,68328,68314,67937,0,5860,50181,3196,8700,8,369,14,0,94
7279094,JAVNO KOMUNALNO PREDUZEĆE GRADSKA TOPLANA KRUŠEVAC,Kruševac,JASIČKI PUT bb,70670,Kruševac-grad,3530,Snabdevanje parom i klimatizacija                           ,srednje,SKUPŠTINA OPŠTINE KRUŠEVAC,,100,521744,583209,528598,0,347631,129876,27041,24050,39053,15558,0,66789,198
17028138,AERODROM ROSULJE,Kruševac,Trg Kosovskih Junaka 6,70670,Kruševac-grad,5223,Uslužne delatnosti u vazdušnom saobraćaju                   ,malo,SKUPŠTINA OPŠTINE KRUŠEVAC,,100,989,989,989,0,14,885,0,90,0,0,0,0,1
7172818,TOPLICA,Kuršumlija,7. Juli 2,70688,Kuršumlija,3600,"Skupljanje, prečišćavanje i distribucija vode               ",malo,Друштвени капитал,Lokalni nivo,0,51877,51844,44436,46,9432,28580,1461,4917,547,6861,30,0,79
17390791,KURŠUMLIJA,Kuršumlija,SVETE ANE bb,70688,Kuršumlija,9311,Delatnost sportskih objekata                                ,malo,SKUPŠTINA OPŠTINE KURŠUMLIJA,,100,,,,,,,,,,,,,
7323824,JAVNO KOMUNALNO PREDUZEĆE KUČEVO,Kučevo,Trg Veljka Dugoševića 34,70696,Kučevo,3811,Skupljanje otpada koji nije opasan,malo,Друштвени капитал,Lokalni nivo,100,41598,41575,40842,0,14541,20687,842,4772,327,406,21,0,62
17257153,?? RTV PRUGA LAJKOVAC,Lajkovac (varoš),Vojvode Mišića 2,70700,Lajkovac,6020,Proizvodnja i emitovanje televizijskog programa             ,malo,SKUPŠTINA OPŠTINE LAJKOVAC,,100,,,,,,,,,,,,,
17369326,JP GRADSKA ČISTOĆA LAJKOVAC,Lajkovac (varoš),Vojvode Mišića 116,70700,Lajkovac,3811,Skupljanje otpada koji nije opasan,malo,OPŠTINA LAJKOVAC,,100,114104,110056,95890,17113,15795,40893,7415,14674,1556,12610,3546,0,44
17547488,JKP KOMUNALAC LEBANE,Lebane,19 Avgust 1,70718,Lebane,3811,Skupljanje otpada koji nije opasan,malo,SKUPŠTINA OPŠTINE LEBANE,,100,10699,10579,8579,0,665,7054,129,731,61,1939,120,0,15
17547496,JKP VODOVOD LEBANE,Lebane,19 Avgust 1,70718,Lebane,3600,"Skupljanje, prečišćavanje i distribucija vode               ",malo,"JAVNO KOMUNALNO PREDUZEĆE LEBANE, LEBANE",,100,26287,30520,30257,0,4175,18316,4300,3466,119,144,0,4233,43
7204752,JKP VODOVOD LESKOVAC,Leskovac,Pana Đukića 14,70726,Leskovac-grad,3600,"Skupljanje, prečišćavanje i distribucija vode               ",veliko,СКУПШТИНА ОПШТИНЕ ЛЕСКОВАЦ,,100,265115,328854,277984,0,50201,173455,27765,26563,2234,48636,0,65738,403
7204787,KOMUNALAC,Leskovac,Južnomoravskih brigada 100,70726,Leskovac-grad,3811,Skupljanje otpada koji nije opasan,srednje,OPŠTINA LESKOVAC,,100,83549,83531,80403,0,10694,61442,3200,5067,1427,1701,3,0,172
7205929,TOPLANA,Leskovac,Leskovačkog odreda 4,70726,Leskovac-grad,3530,Snabdevanje parom i klimatizacija                           ,srednje,SKUPŠTINA OPŠTINE LESKOVAC,,0,186676,185961,168848,0,101530,45333,7304,14681,6870,10243,1015,0,63
7207255,RADIO LESKOVAC,Leskovac,MasarikovTrg 7,70726,Leskovac-grad,6010,Emitovanje radio-programa                                   ,malo,SKUPŠTINA OPŠTINE LESKOVAC,,0,8020,13478,13478,0,656,10338,500,1984,0,0,0,5458,31
7207336,JP DOM LESKOVAC,Leskovac,Leskovačkog odreda 4,70726,Leskovac-grad,4339,Ostali završni radovi                                       ,srednje,SKUPŠTINA OPŠTINE LESKOVAC,,0,36155,36061,35911,0,1332,32284,249,2046,3,147,94,0,57
7327609,DUBOČICA,Leskovac,Vlajkova bb,70726,Leskovac-grad,9311,Delatnost sportskih objekata                                ,srednje,SKUOŠTINA OPŠTINE LESKOVAC,,0,,,,,,,,,,,,,
7711026,PIJACA,Leskovac,Južnomoravskih brigada 100,70726,Leskovac-grad,5210,Skladištenje                                                ,srednje,SKUPŠTINA OPŠTINE LESKOVAC,,0,83599,98776,96460,0,3024,75122,4454,13860,384,1932,0,15177,121
17006312,GRDELICA,Grdelica (varoš),Rečica 5,70726,Leskovac-grad,3600,"Skupljanje, prečišćavanje i distribucija vode               ",malo,SKUPŠTINA OPŠTINE LESKOVAC,,100,30797,31275,30778,129,4535,19864,1544,4706,296,201,0,478,59
20580542,GRADSKA AUTOBUSKA STANICA LESKOVAC,Leskovac,VILEMA PUŠMANA 33,70726,Leskovac-grad,5221,Uslužne delatnosti u kopnenom saobraćaju                    ,malo,"OPŠTINA LESKOVAC LESKOVAC, PANA ĐUKIĆA 9-11",,100,,,,,,,,,,,,,
7168845,NAŠ DOM,Loznica,Bulevar Dositeja Obradovića 6,70734,Loznica-grad,3811,Skupljanje otpada koji nije opasan,srednje,SKUPŠTINA OPŠTINE LOZNICA,,,166117,165773,154114,10733,22591,94070,8077,18643,4504,7155,126,0,223
7168861,VODOVOD I KANALIZACIJA,Loznica,Georgija Jakšića 9,70734,Loznica-grad,3600,"Skupljanje, prečišćavanje i distribucija vode               ",srednje,SKUPŠTINA OPŠTINE LOZNICA,,100,147381,151099,143854,0,35616,73818,18450,15970,6929,316,0,3764,148
17119290,JAVNO KOMUNALNO PREDIZEĆE TOPLANA-LOZNICA LOZNICA,Loznica,Vere Blagojević bb,70734,Loznica-grad,3530,Snabdevanje parom i klimatizacija                           ,srednje,SKUPŠTINA OPŠTINE LOZNICA,,,178735,178534,140735,0,96385,30410,3840,10100,5902,31897,1410,0,53
17126628,JP URBOPLAN,Loznica,Kneza Miloša 7,70734,Loznica-grad,7111,Arhitektonska delatnost                                     ,malo,SKUPŠTINA OPŠTINE LOZNICE,,100,19502,19498,19489,0,844,14754,511,3380,0,9,4,0,21
20573872,JKP PARKING SERVIS LOZNICA,Loznica,BULEVAR DOSITEJA OBRADOVIĆA 6,70734,Loznica-grad,5221,Uslužne delatnosti u kopnenom saobraćaju                    ,malo,SKUPŠTINA OPŠTINE LOZNICA,,100,,,,,,,,,,,,,
7099240,KOMUNALAC,Ljig,Karađorđeva 7,70769,Ljig,3600,"Skupljanje, prečišćavanje i distribucija vode               ",malo,SKUPŠTINA OPŠTINE LJIG,,0,36165,36856,35769,0,9549,18066,2421,5733,926,161,0,691,44
7416253,JAVNO KOMUNALNO PREDUZEĆE ŠUMADIJA,Belanovica,Karađorđeva 55,70769,Ljig,3600,"Skupljanje, prečišćavanje i distribucija vode               ",malo,SKUPŠTINA OPŠTINE LJIG,,0,7392,7313,7109,285,992,4699,392,741,169,35,79,0,8
7208294,JAVNO PREDUZEĆE ZA STAMBENE USLUGE,Majdanpek,Svetog Save 31,70785,Majdanpek,4321,Postavljanje električnih instalacija                        ,malo,SKUPŠTINA OPŠTINE MAJDANPEK,,100,11708,11617,8783,0,514,7325,87,857,2834,0,82,0,20
17127209,JKP KOMUNALAC MAJDANPEK SA PO ŠAŠKA 5,Majdanpek,Šaška 5,70785,Majdanpek,3530,Snabdevanje parom i klimatizacija                           ,srednje,SKUPŠTINA OPŠTINE MAJDANPEK,,100,129409,160738,144267,0,75167,46670,5680,16750,13204,3267,0,31329,127
20320443,JKP DONJI MILANOVAC DONJI MILANOVAC,Donji Milanovac,Kralja Petra I 43,70785,Majdanpek,3600,"Skupljanje, prečišćavanje i distribucija vode               ",malo,SKUPŠTINA OPŠTINE MAJDANPEK,,100,16064,18281,18206,0,6138,10843,0,1225,67,8,0,2217,29
7168764,JKP DRINA MALI ZVORNIK,Mali Zvornik,Ribarska 21,70793,Mali Zvornik,3811,Skupljanje otpada koji nije opasan,malo,SKUPŠTINA OPŠTINE MALI ZVORNIK,,100,59332,59276,58588,0,22994,26156,3011,6427,7,681,30,0,54
7360924,OBNOVA,Medveđa,Nikole Tesle 6,70815,Medveđa,3600,"Skupljanje, prečišćavanje i distribucija vode               ",malo,SKUPŠTINA OPŠTINE MEDVEDJA,,0,21078,21538,20500,0,3262,13705,2594,939,681,357,0,460,37
17027514,"""OBLAČINSKO JEZERO"" OBLAČINA",OBLACINA,"OBLACINA, BB",70823,Merošina,5510,Hoteli i sličan smeštaj                                     ,malo,,,,11671,13758,13505,3395,1795,7017,322,976,253,0,0,2087,23
7134657,JKP VODOVOD MIONICA MIONICA,Mionica (varošica),Vojvode Mišića 23,70831,Mionica,3600,"Skupljanje, prečišćavanje i distribucija vode               ",malo,SKUPŠTINA OPŠTINE MIONICA,,0,66648,66511,64063,0,10107,21112,4302,28542,1355,1093,26,0,49
20568437,JKP ČISTOĆA MIONICA MIONICA,Mionica (varošica),VOJVODE MIŠIĆA 23a,70831,Mionica,3811,Skupljanje otpada koji nije opasan,malo,SKUPŠTINA OPŠTINE MIONICA,,100,,,,,,,,,,,,,
7263775,BADNJEVO,Negotin,Dobropoljska 1,70840,Negotin,3600,"Skupljanje, prečišćavanje i distribucija vode               ",srednje,OPŠTINA NEGOTIN,,100,184386,209901,194544,565,60682,92801,10848,29648,6487,8870,0,25515,226
7210426,JP 3.SEPTEMBAR NOVA VAROŠ,Nova Varoš,Karađorđeva 74,70866,Nova Varoš,3600,"Skupljanje, prečišćavanje i distribucija vode               ",malo,SKUPŠTINA OPŠTINE NOVA VAROŠ,,100,99631,99475,88077,0,41382,34106,5087,7502,4517,6881,32,0,82
6986242,JKP GRADSKA ČISTOĆA NOVI PAZAR,Novi Pazar,28 novembar 35,70874,Novi Pazar-grad,3811,Skupljanje otpada koji nije opasan,srednje,СКУПШТИНА ОПШТИНЕ НОВИ ПАЗАР,,100,200445,200381,167134,2637,23167,118948,6675,15707,5917,27330,64,0,229
7194129,VODOVOD I KANALIZACIJA,Novi Pazar,28 NOVEMBAR 35,70874,Novi Pazar-grad,3600,"Skupljanje, prečišćavanje i distribucija vode               ",srednje,СКУПШТИНА ОПШТИНЕ НОВИ ПАЗАР,,100,169366,168803,163282,0,17681,87186,11444,46971,3439,2082,303,0,177
17227050,JKP GRADSKA TOPLANA,Novi Pazar,28 novembra 35,70874,Novi Pazar-grad,3530,Snabdevanje parom i klimatizacija                           ,malo,СКУПШТНА ОПШТИНЕ НОВИ ПАЗАР,,100,82354,82332,73983,0,39077,25369,2636,6901,3421,4928,145,0,35
7305290,"JKP OSEČINA SA PO OSEČINA, PERE JOVANOVIĆA KOMIRIĆANCA 35",Osečina (varošica),Pere Jovanovića Komirićanca 35,70882,Osečina,3600,"Skupljanje, prečišćavanje i distribucija vode               ",malo,Државни капитал,Lokalni nivo,0,54652,54604,52963,2228,16276,24025,4564,5870,968,673,163,0,49
6569285,JKP PARAĆIN PARAĆIN,Paraćin,Knjaza Miloša 2,70904,Paraćin,3811,Skupljanje otpada koji nije opasan,malo,Државни капитал,Lokalni nivo,100,102510,102207,99403,219,12979,57267,7802,21136,1660,1144,27,0,145
7115911,JP ZA VODOVOD KANALIZACIJU I GASIFIKACIJU VODOVOD SA PO PARAĆIN,Paraćin,Adakalska 5-7,70904,Paraćin,3600,"Skupljanje, prečišćavanje i distribucija vode               ",srednje,SKUPŠTINA OPŠTINE PARAĆIN,,0,170143,164255,155097,0,27235,35053,32207,60602,1597,7561,5894,0,71
7832699,RNJP PARAĆIN - PARAĆIN,Paraćin,Nikole Pašića bb,70904,Paraćin,6020,Proizvodnja i emitovanje televizijskog programa             ,malo,SKUPŠTINA OPŠTINA PARAĆIN,,100,13566,13582,13109,0,918,10412,228,1551,2,471,0,12,20
7160658,IZVOR,Petrovac,Bate Bulića bb,70912,Petrovac na Mlavi,3600,"Skupljanje, prečišćavanje i distribucija vode               ",srednje,СКУПШТИНА ОПШТИНЕ - ПЕТРОВАЦ НА МЛАВИ,,100,108076,101960,100735,1328,28712,52315,6544,11836,574,651,6320,0,103
7131500,JP KOMUNALAC PIROT,Pirot,Vojvode Mišića 50,70939,Pirot,3811,Skupljanje otpada koji nije opasan,malo,SKUPŠTINA OPŠTINE PIROT,,100,137892,137186,123606,1008,16976,89100,4536,11986,5470,8110,644,0,173
7131518,VODOVOD I KANALIZACIJA,Pirot,Vojvode Mišića bb,70939,Pirot,3600,"Skupljanje, prečišćavanje i distribucija vode               ",srednje,SKUPŠTINA OPŠTINE PIROT,,100,146103,143899,136837,0,25483,70053,10476,30825,3568,3494,2270,0,113
7295871,GRADSKA TOPLANA PIROT,Pirot,Srpskih vladara 77,70939,Pirot,3530,Snabdevanje parom i klimatizacija                           ,malo,OPŠTINA PIROT,,100,,,,,,,,,,,,,
20156813,JP RADIO PIROT PIROT,Pirot,Trg pirotskih oslobodilaca 30,70939,Pirot,6020,Proizvodnja i emitovanje televizijskog programa             ,malo,OPŠTINA PIROT,,100,5881,5876,5870,0,272,4605,344,649,6,0,4,0,13
20290307,PARKING SERVIS PIROT,Pirot,Lava Tolstoja bb,70939,Pirot,5221,Uslužne delatnosti u kopnenom saobraćaju                    ,malo,OPŠTINA PIROT,,100,7228,7204,7204,0,678,4297,201,2028,0,0,4,0,7
7351682,TOPLIFIKACIJA,Požarevac,Trg Radomira Vujovića 2,70947,Požarevac,3530,Snabdevanje parom i klimatizacija                           ,srednje,SKUPŠTINA OPŠTINE POŽAREVAC,,100,276456,276830,243926,0,83784,90586,53202,16354,8612,24292,1447,0,78
17210050,LJUBIČEVO,Požarevac,LJubičevo bb,70947,Požarevac,162,Pomoćne delatnosti u uzgoju životinja,malo,SKUPŠTINA OPŠTINE POŽAREVAC,,,35014,36887,35573,0,11955,9191,1002,13425,1,1313,0,1873,30
17223810,VODOVOD I KANALIZACIJA,Požarevac,Jug Bogdanova 22,70947,Požarevac,3600,"Skupljanje, prečišćavanje i distribucija vode               ",srednje,SKUPŠTINA OPŠTINE POŽAREVAC,,0,306749,302593,295044,0,50556,176669,26572,41247,3423,4126,3750,0,248
17223836,KOMUNALNE SLUŽBE,Požarevac,Jug Bogdanova 22,70947,Požarevac,3811,Skupljanje otpada koji nije opasan,srednje,Друштвени капитал,Lokalni nivo,100,228689,225185,215571,634,24902,134256,8446,47333,2302,7312,3164,0,240
20153113,"JP RADIO POŽAREVAC, POŽAREVAC",Požarevac,Takovska 5,70947,Požarevac,6020,Proizvodnja i emitovanje televizijskog programa             ,malo,OPŠTINA POŽAREVAC,,0,15377,15282,15153,0,716,11610,349,2478,58,71,85,0,21
20182385,PARKING SERVIS POŽAREVAC,Požarevac,VELJKA DUGOŠEVIĆA 24,70947,Požarevac,5221,Uslužne delatnosti u kopnenom saobraćaju                    ,malo,OPŠTINA POŽAREVAC,,100,27754,25572,23027,0,1383,17702,1278,2664,0,2545,2104,0,33
7239408,NAŠ DOM,Požega,Zelena pijaca 7,70955,Požega,3600,"Skupljanje, prečišćavanje i distribucija vode               ",srednje,SKUPŠTINA OPŠTINE POŽEGA,,0,137573,131976,118761,874,26876,56024,7142,27845,2779,10436,5597,0,105
20297972,JP TELEVIZIJA POŽEGA POŽEGA,Požega,Nikole Pašića 4,70955,Požega,6020,Proizvodnja i emitovanje televizijskog programa             ,malo,SKUPŠTINA OPŠTINE POŽEGA,,100,15746,16420,15986,0,448,12128,610,2800,434,0,0,674,21
20297999,JIP RADIO POŽEGA POŽEGA,Požega,Francuska 1,70955,Požega,6020,Proizvodnja i emitovanje televizijskog programa             ,malo,SKUPŠTINA OPŠTINE POŽEGA,,100,6107,6197,6141,0,163,5218,82,678,56,0,0,90,7
6389309,MORAVICA,Preševo,OMLADINSKA 50,70963,Preševo,3811,Skupljanje otpada koji nije opasan,malo,SKUPŠTINA OPŠTINE PREŠEVO,,0,30417,31822,28480,0,6906,16291,2660,2623,2492,850,0,1405,48
7155760,JKP USLUGA PRIBOJ PO,Priboj,Save Kovačevića bb,70971,Priboj,3600,"Skupljanje, prečišćavanje i distribucija vode               ",srednje,Државни капитал,Lokalni nivo,100,73801,116660,111178,4455,10308,53802,35114,7499,116,5366,0,43109,92
7190174,JAVNO KOMUNALNO PREDUZEĆE LIM PRIJEPOLJE,Prijepolje,Branka Radičevića 30,70980,Prijepolje,3600,"Skupljanje, prečišćavanje i distribucija vode               ",srednje,SKUPŠTINA OPŠTINE PRIJEPOLJE,,0,111563,111348,90327,5318,7853,61110,7896,8150,260,20761,0,3650,129
17442350,KJP GRADSKI VODOVOD PROKUPLJE,Prokuplje,Vasilija Đurovića-Žarkog 56,70998,Prokuplje,3600,"Skupljanje, prečišćavanje i distribucija vode               ",srednje,OPŠTINA PROKUPLJE,,100,147307,146327,128832,59,33916,75585,7061,12211,3329,14166,511,0,240
20058536,TRŽNICE,Prokuplje,9. oktobra bb,70998,Prokuplje,4789,Trgovina na malo ostalom robom na tezgama i pijacama        ,malo,OPŠTINA PROKUPLJE,,100,24164,24087,23935,739,1002,19399,344,2451,134,18,60,0,53
7675216,JKP KOMUNALAC RAŽANJ,Ražanj,Partizanska 68,71005,Ražanj,3600,"Skupljanje, prečišćavanje i distribucija vode               ",malo,"JAVNO PREDUZEĆE KOMUNALAC RAŽANJ, PARTIZANSKA 68",,100,11759,12013,11193,100,3633,6310,51,1099,379,441,0,254,19
7365292,JKP RAČA RAČA,Rača,Karađorđeva 53,71013,Rača,3600,"Skupljanje, prečišćavanje i distribucija vode               ",malo,Државни капитал,Lokalni nivo,100,22007,24850,24337,50,6335,13021,1563,3368,44,469,0,2843,38
7176872,RAŠKA,Raška,Dušanova 2a,71021,Raška,3600,"Skupljanje, prečišćavanje i distribucija vode               ",srednje,SKUPŠTINA OPŠTINE RAŠKA,,100,136144,136382,127611,3800,30224,73609,12409,7569,4489,4282,0,407,135
17034243,RADIO RAŠKA,Raška,Dušanova 6,71021,Raška,6020,Proizvodnja i emitovanje televizijskog programa             ,malo,Скупштина општине Рашка,,100,,,,,,,,,,,,,
7618956,JKP MERMER REKOVAC,Rekovac,Kralja Petra I 46,71030,Rekovac,3600,"Skupljanje, prečišćavanje i distribucija vode               ",malo,SKUPŠTINA OPŠTINE REKOVAC,,100,53309,53661,52524,0,14245,24217,2314,11748,410,727,0,352,54
7114885,STANDARD,Jagodina,Kralja Petra I 4,71048,Jagodina-grad,3600,"Skupljanje, prečišćavanje i distribucija vode               ",veliko,SKUPŠTINA OPŠTINE JAGODINA,,100,403373,470824,426696,9844,84716,260717,23780,47639,14203,29925,0,67651,532
20079592,JP TOPLANA JAGODINA,Jagodina,Kralja Petra I 6,71048,Jagodina-grad,3530,Snabdevanje parom i klimatizacija                           ,srednje,GRAD JAGODINA,,100,134886,134783,134660,0,93916,33662,3206,3876,60,63,103,0,78
20177098,JP ZOO-VRT JAGODINA,Jagodina,Braće Dirak bb,71048,Jagodina-grad,9104,Delatnost botaničkih i zooloških vrtova i zaštita prirodnih vrednosti,malo,SKUPŠTINA OPŠTINE JAGODINA,,100,84068,83952,83625,23483,16184,34145,618,9195,58,269,101,0,72
7253931,MORAVA,Svilajnac,Svetog Save 56,71056,Svilajnac,3600,"Skupljanje, prečišćavanje i distribucija vode               ",srednje,SKUPŠTINA OPŠTINE SVILAJNAC,,100,182515,181082,173629,1033,32361,76385,10548,53302,640,6813,1524,0,160
20632259,SVILAJNAC,Svilajnac,Kralja Petra Prvog 111,71056,Svilajnac,8413,Uredjenje poslovanja i doprinos uspešnijem poslovanju u oblasti ekonomije,malo,OPŠTINA SVILAJNAC,,100,,,,,,,,,,,,,
7349955,SVRLJIG,Svrljig,Radetova 27,71064,Svrljig,3600,"Skupljanje, prečišćavanje i distribucija vode               ",malo,SKUPŠTINA OPŠTINE SVRLJIG,,100,30901,30856,28365,0,4096,18232,1883,4154,1580,911,34,0,50
7175213,VRELA,Sjenica,/ /,71072,Sjenica,3600,"Skupljanje, prečišćavanje i distribucija vode               ",malo,SKUPŠTINA OPŠTINE SJENICA,,100,54587,55334,48681,0,15302,27667,650,5062,966,5687,0,747,58
7704658,PEŠTERSKI VODOVOD,Karajukića Bunari,Karajukića Bunari /,71072,Sjenica,3600,"Skupljanje, prečišćavanje i distribucija vode               ",malo,SKUPŠTINA OPŠTINE SJENICA I TUTIN,,100,578,218,218,0,20,155,0,43,0,0,324,0,1
20426454,JKP SEOSKI VODOVODI SJENICA,Sjenica,Kralja Petra I 1,71072,Sjenica,3600,"Skupljanje, prečišćavanje i distribucija vode               ",malo,SKUPŠTINA OPŠTINA SJENICA,,100,534,523,523,0,49,442,0,32,0,0,11,0,1
6847242,TELEVIZIJA SMEDEREVO,Smederevo,Goranska bb,71099,Smederevo-grad,6020,Proizvodnja i emitovanje televizijskog programa             ,malo,"OPŠTINA SMEDEREVO SMEDEREVO, OMLADINSKA 1",,0,31660,31489,28042,0,1825,18016,1204,6997,198,3249,171,0,44
7389566,JKP KOMUNALAC SMEDEREVO,Smederevo,Đure Jakšića 1,71099,Smederevo-grad,3811,Skupljanje otpada koji nije opasan,srednje,SKUPŠTINA GRADA SMEDEREVO,,0,278757,298246,284583,9172,40159,196589,15127,23536,2640,11023,0,19489,416
7389574,VODOVOD SMEDEREVO,Smederevo,17. oktobra 3,71099,Smederevo-grad,3600,"Skupljanje, prečišćavanje i distribucija vode               ",srednje,SKUPŠTINA OPŠTINE SMEDEDREVO,,,242603,237524,204872,0,43610,108348,24340,28574,562,32090,5172,0,182
17218913,JAVNO PREDUZEĆE ZA USLUGE I TOPLIFIKACIJU SMEDEREVO,Smederevo,Branka Radičevića 8,71099,Smederevo-grad,3530,Snabdevanje parom i klimatizacija                           ,srednje,OPŠTINA SMEDEREVO,,100,246451,245000,221010,0,128359,80484,1601,10566,8031,15959,1451,0,111
6812180,JKP VODOVOD SMEDEREVSKA PALANKA,Smederevska Palanka,Karađorđeva 61,71102,Smederevska Palanka,3600,"Skupljanje, prečišćavanje i distribucija vode               ",srednje,SKUPŠTINA OPŠTINE SMEDEREVSKA PALANKA,,0,87813,111655,95724,0,20548,47984,12828,14364,10452,5479,0,23842,98
7164297,JKP MIKULJA SMEDEREVSKA PALANKA,Smederevska Palanka,Francuska 21,71102,Smederevska Palanka,9603,Pogrebne i srodne delatnosti                                ,malo,Скупштина општине Смедеревска Паланка,,0,44509,51303,44351,0,5738,29658,2125,6830,3750,3202,0,6794,74
20448784,JKP PALANKA SERVIS SMEDEREVSKA PALANKA,Smederevska Palanka,Trg heroja 7,71102,Smederevska Palanka,6110,Kablovske telekomunikacije                                  ,malo,SKUPŠTINA OPŠTINE SMEDEREVSKA PALANKA,,100,3774,4116,4116,0,314,3199,6,597,0,0,0,342,21
20466987,JP PALANKA STAN SMEDEREVSKA PALANKA,Smederevska Palanka,Vuka Karadžića 58,71102,Smederevska Palanka,4110,Razrada gradjevinskih projekata                              ,malo,SKUPŠTINA OPŠTINE SMEDEREVSKA PALANKA,,100,2410,2312,2312,0,265,1571,16,460,0,0,88,0,10
20484942,JP TPC ŠUMA MIKULJA SMEDEREVSKA PALANKA,Smederevska Palanka,Trg heroja 7,71102,Smederevska Palanka,9329,Ostale zabavne i rekreativne delatnosti                     ,malo,SKUPŠTINA OPŠTINE SMEDEREVSKA PALANKA,,100,0,0,0,0,0,0,0,0,0,0,0,0,0
20603909,JP PALANKA ODRŽAVANJE SMEDEREVSKA PALANKA,Smederevska Palanka,I srpskog ustanka 109,71102,Smederevska Palanka,8121,Usluge redovnog čišćenja zgrada                             ,malo,SKUPŠTINA OPŠTINE SMEDEREVSKA PALANKA,,100,,,,,,,,,,,,,
7254814,NAPREDAK,Sokobanja,Hajduk Veljkova 22,71129,Sokobanja,3600,"Skupljanje, prečišćavanje i distribucija vode               ",srednje,Државни капитал,Lokalni nivo,100,99877,96340,88244,90,14394,51905,9854,12001,1609,6487,3537,0,110
6158510,VETERINARSKA STANICA SURDULICA,SURDULICA,MILOSA OBILICA BB,71137,Surdulica,162,Pomoćne delatnosti u uzgoju životinja,malo,,,,6322,6322,6234,856,438,3452,45,1443,88,0,0,0,11
7180101,VODOVOD,Surdulica,Srpskih vladara 67,71137,Surdulica,3600,"Skupljanje, prečišćavanje i distribucija vode               ",srednje,SKUPŠTINA OPŠTINE SURDULICA,,0,77680,88525,83846,836,8163,54651,6431,13765,46,4633,0,10845,117
7156421,BIOKTOŠ,Užice,Heroja Luna 2,71145,Užice-grad,3811,Skupljanje otpada koji nije opasan,srednje,Државни капитал,Lokalni nivo,0,235396,248144,241301,6401,30686,158115,16308,29791,4206,2637,0,13013,265
7258160,VODOVOD,Užice,Heroja Luna 2,71145,Užice-grad,3600,"Skupljanje, prečišćavanje i distribucija vode               ",srednje,SKUPŠTINA OPŠTINE UŽICE,,100,279578,374129,363042,0,56909,134584,125319,46230,107,10980,0,94900,196
7317743,JKP GRADSKA TOPLANA UŽICE,Užice,TRG PARTIZANA 26,71145,Užice-grad,3530,Snabdevanje parom i klimatizacija                           ,srednje,SKUPŠTINA OPŠTINE UŽICE,,100,353017,347628,308883,11441,187526,63964,22798,23154,1146,37599,5338,0,88
7382685,STAN,Užice,Marije Mage Magazinović 7,71145,Užice-grad,4339,Ostali završni radovi                                       ,srednje,SKUPŠTINA OPŠTINE UŽICE,,0,128264,124937,122213,47372,7967,39923,1364,25587,207,2517,3327,0,65
20104279,JKP DUBOKO UŽICE,Užice,LJube Stojanovića 4,71145,Užice-grad,3811,Skupljanje otpada koji nije opasan,malo,SKUPŠTINA GRADA ČAČKA,,26.88,2403,15913,6847,0,403,4909,64,1471,7859,1207,0,13510,5
20104279,,,,71145,,,,,SKUPŠTINA OPŠTINE IVANJICA,,10.2,,,,,,,,,,,,,
20104279,,,,71145,,,,,SKUPŠTINA OPŠTINE ARILJE,,5.7,,,,,,,,,,,,,
20104279,,,,71145,,,,,SKUPŠTINA OPŠTINE BAJINA BAŠTA,,8.39,,,,,,,,,,,,,
20104279,,,,71145,,,,,SKUPŠTINA OPŠTINE ČAJETINA,,4.5,,,,,,,,,,,,,
20104279,,,,71145,,,,,SKUPŠTINA OPŠTINE KOSJERIĆ,,4.03,,,,,,,,,,,,,
20104279,,,,71145,,,,,SKUPŠTINA OPŠTINE LUČANI,,7.09,,,,,,,,,,,,,
20104279,,,,71145,,,,,SKUPŠTINA OPŠTINE POŽEGA,,9.3,,,,,,,,,,,,,
20104279,,,,71145,,,,,SKUPŠTINA OPŠTINE UŽICE,,23.91,,,,,,,,,,,,,
7123582,TOPOLA,Topola (varošica),MILIVOJA PETROVIĆA BLAZNAVCA 6,71153,Topola,3600,"Skupljanje, prečišćavanje i distribucija vode               ",srednje,SKUPŠTINA OPŠTINE TOPOLA,,100,91954,99612,92326,0,15343,39276,6126,31581,4252,3034,0,7680,79
7154780,JKSP KOMSTAN TRSTENIK,Trstenik,Živadina Apostolovića 4,71170,Trstenik,3600,"Skupljanje, prečišćavanje i distribucija vode               ",srednje,SKUPŠTINA OPŠTINE TRSTENIK,,0,137079,142587,135296,4263,23816,80312,12023,14882,657,6634,0,4889,179
17507362,JKP ENERGETIKA TRSTENIK,Trstenik,Kruševački put bb,71170,Trstenik,3530,Snabdevanje parom i klimatizacija                           ,srednje,SKUPŠTINA OPŠTINE TRSTENIK,,100,205451,236657,225276,5987,134659,54327,17007,13296,9318,2063,0,31330,117
17611828,JKP STOPANJA STOPANJA,Stopanja,/ /,71170,Trstenik,3811,Skupljanje otpada koji nije opasan,malo,SKUPŠTINA OPŠTINE TRSTENIK,,0,5086,7235,6355,0,1762,1032,0,3561,75,805,0,2149,5
20074922,POČEKOVINA,Počekovina,Počekovina /,71170,Trstenik,3600,"Skupljanje, prečišćavanje i distribucija vode               ",malo,Општина Трстеник,,100,8092,8056,5768,28,1324,2053,571,1792,143,2145,6,0,5
7386346,KSP GRADAC SA PO TUTIN,Tutin,Pešterska 4,71188,Tutin,3600,"Skupljanje, prečišćavanje i distribucija vode               ",malo,SKUPŠTINA OPŠTINE TUTIN,,100,,,,,,,,,,,,,
17579606,JKP RIBARIĆE RIBARIĆE,Ribariće,/ /,71188,Tutin,3600,"Skupljanje, prečišćavanje i distribucija vode               ",malo,SKUPŠTINA OPŠTINE TUTIN,,100,4172,5283,5232,0,1702,1553,0,1977,47,4,0,2639,4
7175019,JKSP RAZVITAK-ĆIĆEVAC,Ćićevac,Svetog Save 2,71196,Ćićevac,3811,Skupljanje otpada koji nije opasan,malo,OPŠTINA ĆIĆEVAC,,0,19745,22880,22348,0,5027,14078,595,2648,165,367,0,3135,32
6988253,JP VODOVOD I KANALIZACIJA SA PO ĆUPRIJA,Ćuprija,Grobljanska bb,71200,Ćuprija,3600,"Skupljanje, prečišćavanje i distribucija vode               ",srednje,Друштвени капитал,Lokalni nivo,100,61945,61857,55612,473,7641,36710,4330,6458,2087,4158,88,0,90
7166389,KJP USLUGA SA PO ĆUPRIJA GROBLJANSKA BB,Ćuprija,Grobljanska bb,71200,Ćuprija,3811,Skupljanje otpada koji nije opasan,srednje,Скупштина Општине Ћуприја,,100,84422,76719,73306,9169,10238,44942,2793,6164,2042,1371,7703,0,121
7098499,DJUNIS,Ub,7 jula 11,71218,Ub,3600,"Skupljanje, prečišćavanje i distribucija vode               ",srednje,SKUPŠTINA OPŠTINE UB,,0,74831,105550,100145,0,14366,55529,22581,7669,57,5348,0,30734,98
17300806,VILIN LUG,Crna Trava,/ /,71226,Crna Trava,3811,Skupljanje otpada koji nije opasan,malo,SKUPŠTINA OPŠTINE CRNA TRAVA,,0,5092,5357,5309,783,309,2750,775,692,0,48,0,265,7
7290080,ZLATIBOR,Zlatibor,Prve partizanske bolnice 7,71234,Čajetina,3600,"Skupljanje, prečišćavanje i distribucija vode               ",srednje,KOMUNALNA RADNA ORGANIZACIJA ZLATIBOR,,100,177810,176370,166929,0,55869,74886,14322,21852,736,8705,1585,0,117
7167610,JKP VODOVOD ČAČAK,Čačak,Kralja Petra I 8,71242,Čačak-grad,3600,"Skupljanje, prečišćavanje i distribucija vode               ",srednje,Деоничарски капитал,Lokalni nivo,100,329686,385732,362873,0,135009,141029,61942,24893,4698,18161,0,56182,175
7181655,JKP KOMUNALAC ČAČAK,Čačak,Cara Lazara 33,71242,Čačak-grad,3811,Skupljanje otpada koji nije opasan,srednje,SKUPŠTINA GRADA ČAČKA,,100,199160,208443,194912,0,28115,133772,18251,14774,185,13346,0,9166,224
7182554,JKP GRADSKO ZELENILO ČAČAK,Čačak,Sime Sarage 71,71242,Čačak-grad,8130,Usluge uredjenja i održavanja okoline                        ,malo,SKUPŠTINA OPŠTINE ČAČAK,,100,69349,69205,62538,4138,4853,42320,2596,8631,1040,5627,105,0,83
7298269,JP MORAVAC MRČAJEVCI,Mrčajevci,/ /,71242,Čačak-grad,3600,"Skupljanje, prečišćavanje i distribucija vode               ",malo,SKUPŠTINA OPŠTINE ČAČAK,,100,48186,47865,46979,0,8648,14643,2542,21146,0,886,312,0,23
7576382,JKP ČAČAK SA PO ČAČAK,Čačak,"SKADARSKA 1, ulaz 7, sprat III",71242,Čačak-grad,3530,Snabdevanje parom i klimatizacija                           ,srednje,SKUPŠTINA OPŠTINE ČAČAK,,0,369038,368038,330240,3534,227919,57075,14851,26861,27441,10357,454,0,75
20518898,JKP PARKING SERVIS ČAČAK,Čačak,Nikole Tesle bb,71242,Čačak-grad,5221,Uslužne delatnosti u kopnenom saobraćaju                    ,malo,SKUPŠTINA GRADA ČAČKA,,100,,,,,,,,,,,,,
7119399,STAN,Šabac,Kraljice Marije 2/A,71269,Šabac-grad,4339,Ostali završni radovi                                       ,malo,SKUPŠTINA OPŠTINE ŠABAC,,0,17214,16830,16171,0,783,11813,531,3044,0,659,340,0,13
7122403,JUP PLAN ŠABAC,Šabac,Koste Abraševića 10,71269,Šabac-grad,7111,Arhitektonska delatnost                                     ,malo,SKUPŠTINA OPŠTINE ŠABAC,,100,36076,35957,35734,0,1828,29133,2146,2627,148,75,54,0,29
7168667,STARI GRAD,Šabac,Vojvode Janka Stojićevića 1,71269,Šabac-grad,3811,Skupljanje otpada koji nije opasan,veliko,SKUPŠTINA OPŠTINE ŠABAC,,0,294462,294246,285656,4254,38890,200854,20170,21488,1361,7229,472,0,340
7168683,VODOVOD-ŠABAC,Šabac,Oslobođenja 62,71269,Šabac-grad,3600,"Skupljanje, prečišćavanje i distribucija vode               ",srednje,SKUPŠTINA OPŠTINE ŠABAC,,100,333184,402281,344841,48455,49841,135064,74739,36742,1198,56242,0,68371,164
7335393,JKP TOPLANA-ŠABAC ŠABAC,Šabac,Đure Jakšića 1,71269,Šabac-grad,3530,Snabdevanje parom i klimatizacija                           ,srednje,GRAD ŠABAC,,100,293454,291722,277013,0,186756,53684,17756,18817,13329,1380,1501,0,77
17429299,PARKING-ŠABAC,Šabac,Partizanska 8,71269,Šabac-grad,5221,Uslužne delatnosti u kopnenom saobraćaju                    ,malo,OPŠTINAŠABAC,,0,41432,35784,35211,0,2842,17371,2736,12262,0,573,5084,0,26
17581139,"JP SPORTSKI CENTAR ŠABAC, ŠABAC",Šabac,Pocerska 1,71269,Šabac-grad,9311,Delatnost sportskih objekata                                ,malo,OPŠTINAŠABAC,,100,7664,8429,8144,0,1522,4692,111,1819,40,245,0,765,7
20198397,JP RTV ŠABAC,Šabac,Kneza Lazara 1,71269,Šabac-grad,6020,Proizvodnja i emitovanje televizijskog programa             ,malo,OPŠTINA ŠABAC,,100,39118,41797,41040,0,2139,28939,3278,6684,322,435,0,2679,49
7149581,MORAVA,Lapovo (Varošica),Ratnika solunskog fronta bb,71277,Lapovo,3600,"Skupljanje, prečišćavanje i distribucija vode               ",malo,OPŠTINA LAPOVO,,100,57994,57859,57292,0,12678,24568,1810,18236,401,166,98,0,49
7343914,AERODROM NIŠ,Niš,Vazduhoplovaca 24,71315,Niš-Crveni krst,5223,Uslužne delatnosti u vazdušnom saobraćaju                   ,srednje,GRAD NIŠ,,100,193199,240284,191061,7048,30028,90800,12130,51055,46576,2647,0,42327,158
20550635,JKP GORICA NIŠ,Niš,TVRĐAVA bb,71315,Niš-Crveni krst,8130,Usluge uredjenja i održavanja okoline                        ,srednje,GRAD NIŠ,,100,,,,,,,,,,,,,
7319649,MEDIANA,Niš,MRAMORSKA 10,71323,Niš-Palilula,3811,Skupljanje otpada koji nije opasan,veliko,GRAD NIŠ - GRADSKA OPŠTINA CRVENI KRST,,100,1191739,1208602,1142127,22084,172311,802155,54606,90971,24251,42224,0,15344,1444
7174306,JKP TRŽNICA NIŠ,Niš,Đuke Dinić 4,71331,Niš-Mediana,4789,Trgovina na malo ostalom robom na tezgama i pijacama        ,srednje,SKUPŠTINA GADA NIŠA,,0,148362,171391,166658,0,4259,137538,7964,16897,2736,1997,0,23033,223
7211856,JKP NAISSUS NIŠ,Niš,Knjeginje LJubice 1/I,71331,Niš-Mediana,3600,"Skupljanje, prečišćavanje i distribucija vode               ",veliko,Државни капитал,Lokalni nivo,100,1207718,1357926,1120149,0,175657,584469,138254,221769,64038,173739,0,145186,720
7216009,GRADSKA TOPLANA,Niš,Blagoja Parovića 3,71331,Niš-Mediana,3530,Snabdevanje parom i klimatizacija                           ,veliko,GRAD NIŠ - SKUPŠTINA GRADA NIŠA,,0,1206914,1309852,1065691,0,716290,196803,61612,90986,66604,177557,0,101987,211
7261063,ZAVOD ZA URBANIZAM - NIŠ,Niš,7. Juli 6,71331,Niš-Mediana,7111,Arhitektonska delatnost                                     ,malo,SKUPŠTINA OPŠTINE NIŠ NIŠ,,100,85708,85552,85540,0,3535,71803,1581,8621,0,12,156,0,74
7379625,NIŠSTAN,Niš,Branka Krsmanovića 1,71331,Niš-Mediana,4391,Krovni radovi                                               ,srednje,GRAD NIŠ - SKUPŠTINA GRADA NIŠA,,100,808703,863991,850596,654018,18856,112098,2061,63563,141,13254,0,55190,177
17263838,GRADSKA STAMBENA AGENCIJA,Niš,Generala Milojka Lešjanina 41-a,71331,Niš-Mediana,6499,"Ostale nepomenute finansijske usluge, osim osiguranja i penzijskih fondova",malo,GRAD NIŠ - SKUPŠTINA GRADA NIŠA,,100,201940,199911,194915,7552,5831,17677,847,163008,3785,1211,1826,0,15
17427458,JP NTV NIŠ,Niš,Vojvode Mišića 50/I,71331,Niš-Mediana,6020,Proizvodnja i emitovanje televizijskog programa             ,malo,СКУПШТИНА ГРАДА НИША,,100,58650,60774,60550,0,2290,50430,1776,6054,199,25,0,2124,98
20116803,JKP OBJEDINJENA NAPLATA NIŠ,Niš,Nade Tomić 7,71331,Niš-Mediana,6311,"Obrada podataka, hosting i sl.",srednje,GRAD NIŠ - SKUPŠTINA GRADA NIŠA,,100,,,,,,,,,,,,,
20192542,JKP PARKING SERVIS NIŠ,Niš,Trg Kralja Milana 9,71331,Niš-Mediana,5221,Uslužne delatnosti u kopnenom saobraćaju                    ,malo,GRAD NIŠ - SKUPŠTINA GRADA NIŠA,,100,137539,133914,106605,0,6444,75911,4601,19649,3665,23644,3653,0,101
8137005,STANDARD,Ada,8. OKTOBAR 1,80012,Ada,8130,Usluge uredjenja i održavanja okoline                        ,srednje,SKUPŠTINA OPŠTINE ADA,,100,139581,150681,147182,0,68481,44364,7507,26830,1429,2070,0,11100,60
8681350,ADICA JP ADA,Ada,Maršala Tita 43,80012,Ada,9311,Delatnost sportskih objekata                                ,malo,Државни капитал,Lokalni nivo,0,14991,13924,13285,946,2757,6063,1241,2278,289,350,1036,0,10
8681350,,,,80012,,,,,Друштвени капитал,Lokalni nivo,0,,,,,,,,,,,,,
8137838,UNIVERZAL,Alibunar,JNA 14,80039,Alibunar,3600,"Skupljanje, prečišćavanje i distribucija vode               ",malo,Друштвени капитал,Lokalni nivo,100,33747,33703,30162,1405,3029,17171,1572,6985,1338,2203,40,0,27
8163685,USLUGA,Banatski Karlovac,Žarka Zrenjanina 5-7,80039,Alibunar,3600,"Skupljanje, prečišćavanje i distribucija vode               ",malo,Друштвени капитал,Lokalni nivo,0,33088,32981,32835,790,7095,15097,629,9224,26,120,96,0,23
8432350,BUNAR,Vladimirovac,Cara Lazara 76,80039,Alibunar,3600,"Skupljanje, prečišćavanje i distribucija vode               ",malo,MESNA ZAJEDNICA VLADIMIROVAC,,0,8109,7317,7092,60,529,5083,321,1099,225,0,713,0,8
20567252,JATP ALIBUNAR ALIBUNAR,Alibunar,TRG SLOBODE 15,80039,Alibunar,4931,Gradski i prigradski kopneni prevoz putnika                 ,malo,SKUPŠTINA OPŠTINE ALIBUNAR,,100,,,,,,,,,,,,,
20644419,JKP SEVER ILANDŽA ILANDŽA,Ilandža,Svetog Save 2,80039,Alibunar,3600,"Skupljanje, prečišćavanje i distribucija vode               ",malo,SKUPŠTINA OPŠTINE ALIBUNAR,,100,,,,,,,,,,,,,
8023263,NAŠ DOM,Apatin,Železnička 4,80047,Apatin,3600,"Skupljanje, prečišćavanje i distribucija vode               ",srednje,SKUPŠTINA OPŠTINE APATIN,,100,166726,164186,161436,3215,36644,65669,7254,48654,616,2134,2375,0,70
8012644,JKP TVRĐAVA BAČ,Bač,Maršala Tita 73,80055,Bač,3600,"Skupljanje, prečišćavanje i distribucija vode               ",srednje,SKUPŠTINA OPŠTINE BAČ,,0,76356,75677,74461,2417,16686,37857,7508,9993,35,1181,551,0,79
8081255,JKP KOMUNALPROJEKT BAČKA PALANKA,Bačka Palanka,Trg bratstva i jedinstva 40,80063,Bačka Palanka,3600,"Skupljanje, prečišćavanje i distribucija vode               ",srednje,SKUPŠTINA OPŠTINE BAČKA PALANKA,,100,283147,300952,299389,3850,43350,145669,36693,69827,406,1157,0,17805,193
8674809,JP TELEVIZIJA BAČKA PALANKA,Bačka Palanka,Žarka Zrenjanina 74,80063,Bačka Palanka,6020,Proizvodnja i emitovanje televizijskog programa             ,malo,OPŠTINA BAČKA PALANKA,,100,11195,10915,10132,0,774,7952,518,888,11,772,280,0,18
8779384,JIP RADIO BAP BAČKA PALANKA,Bačka Palanka,Žarka Zrenjanina 74/4,80063,Bačka Palanka,6020,Proizvodnja i emitovanje televizijskog programa             ,malo,SKUPŠTINA OPŠTINE BAČKA PALANKA,,0,12594,12485,12342,0,606,10327,152,1257,0,143,97,0,17
8032874,KOMGRAD,Bačka Topola,Matije Korvina 18,80071,Bačka Topola,3811,Skupljanje otpada koji nije opasan,srednje,SKUPŠTINA OPŠTINE BAČKA TOPOLA,,100,116728,116055,115837,964,29270,55338,12159,18106,171,47,831,0,71
8744360,JIP BAČKA TOPOLA,Bačka Topola,Dunavska 8/3,80071,Bačka Topola,6010,Emitovanje radio-programa                                   ,malo,POKRAJINSKI SEKRETARIJAT ZA INFORMACIJE,,25.45,15384,15384,15357,0,2290,8544,639,3884,22,5,0,0,11
8744360,,,,80071,,,,,SKUPŠTINA OPŠTINE BAČKA TOPOLA,,74.55,,,,,,,,,,,,,
8745501,JP TRŽNICA DOO BAČKA TOPOLA,Bačka Topola,Karađorđeva bb,80071,Bačka Topola,4799,"Ostala trgovina na malo izvan prodavnica, tezgi i pijaca    ",malo,OPŠTINA BAČKA TOPOLA,,100,12284,9400,9012,0,544,5897,876,1695,311,77,2784,0,6
20366753,RADIO BAČKI PETROVAC JP BAČKI PETROVAC,Bački Petrovac,Kolarova 4,80080,Bački Petrovac,6020,Proizvodnja i emitovanje televizijskog programa             ,malo,SKUPŠTINA OPŠTINE BAČKI PETROVAC,,100,0,0,0,0,0,0,0,0,0,0,0,0,0
8596085,BELOCRKVANSKA JEZERA,Bela Crkva,Proleterska 2,80098,Bela Crkva,8130,Usluge uredjenja i održavanja okoline                        ,malo,СО БЕЛА ЦРКВА,,100,9539,8454,8437,0,1013,3795,684,2945,7,10,961,0,8
8677409,JP BELOCRKVANSKI VODOVOD I KANALIZACIJA BELA CRKVA,Bela Crkva,Dejana Brankova 22,80098,Bela Crkva,3530,Snabdevanje parom i klimatizacija                           ,malo,SKUPŠTINA OPŠTINE BELA CRKVA,,100,50563,50273,49883,0,12460,22454,2046,12923,380,10,270,0,46
8677425,JKP BELOCRKVANSKI KOMUNALAC BELA CRKVA,Bela Crkva,Dejana Brankova 6,80098,Bela Crkva,8130,Usluge uredjenja i održavanja okoline                        ,malo,SKUPŠTINA OPŠTINA BELA CRKVA,,100,28965,28881,28554,0,3295,20514,1532,3213,32,295,71,0,53
8724598,JP B C INFO BELA CRKVA,Bela Crkva,Proleterska 4,80098,Bela Crkva,6020,Proizvodnja i emitovanje televizijskog programa             ,malo,SKKUPŠTINA OPŠTINA BELA CRKVA,,100,3203,3112,3112,0,103,2530,64,415,0,0,82,0,7
8807370,JATP BELA CRKVA BELA CRKVA,Bela Crkva,1. Oktobar bb,80098,Bela Crkva,4931,Gradski i prigradski kopneni prevoz putnika                 ,malo,"OPŠTINA BELA CRKVA BELA CRKVA, MILETIĆEVA 2",,100,8964,8952,8756,0,2688,4092,744,1232,161,35,11,0,9
8028362,JKP BEOČIN BEOČIN,Beočin,Desanke Maksimović 52,80101,Beočin,3811,Skupljanje otpada koji nije opasan,srednje,SKUPŠTINA OPŠTINA BEOČIN,,100,123953,123764,120817,0,24143,66368,13586,16720,182,2765,312,0,90
8247323,JP TOPLANA BEOČIN,Beočin,Karađorđeva bb,80101,Beočin,3530,Snabdevanje parom i klimatizacija                           ,malo,Друштвени капитал,Lokalni nivo,100,44161,44255,43845,0,26307,9383,4003,4152,25,385,0,94,10
8069565,JP KOMUNALAC BEČEJ,Bečej,LOVAČKA 5,80110,Bečej,8130,Usluge uredjenja i održavanja okoline                        ,malo,SKUPŠTINA OPŠTINA BEČEJ,,100,65086,64655,63792,4100,7766,41045,3395,7486,16,847,411,0,56
8069921,JP VODOKANAL BEČEJ,Bečej,DANILA KIŠA 8/a,80110,Bečej,3600,"Skupljanje, prečišćavanje i distribucija vode               ",srednje,SKUPŠTINA OPŠTINA BEČEJ,,100,95569,105945,102617,0,14593,43913,23028,21083,1428,1900,0,9687,64
8161534,JP TOPLANA BEČEJ,Bečej,PETROVOSELSKI PUT 3,80110,Bečej,3530,Snabdevanje parom i klimatizacija                           ,malo,SKUPŠTINE OPŠTINE BEČEJ,,100,102387,123281,104833,0,66317,25216,6453,6847,7810,10638,0,20894,21
8688613,JP STANDARD ŽABALJ,Žabalj,SVETOG NIKOLE 7,80136,Žabalj,3600,"Skupljanje, prečišćavanje i distribucija vode               ",malo,SKUPŠTINA OPŠTINE ŽABALJ,,0,130638,130310,126267,76256,11019,21768,5663,11561,899,3144,102,0,35
8031185,EKOS,Žitište,/ /,80144,Žitište,3522,Distribucija gasovitih goriva gasovodom                     ,malo,Друштвени капитал,Lokalni nivo,100,122582,141482,130990,98078,3016,25661,982,3253,2775,7717,0,18934,43
8672741,RAZVOJ,Žitište,CARA DUŠANA 7,80144,Žitište,8130,Usluge uredjenja i održavanja okoline                        ,srednje,SKUPŠTINA OPŠTINE ŽITIŠTE,,100,302433,316655,309060,0,3860,16481,1036,287683,4068,3527,0,14222,19
8049637,VODOVOD I KANALIZACIJA,Zrenjanin,Petefijeva 3,80152,Zrenjanin-grad,3600,"Skupljanje, prečišćavanje i distribucija vode               ",veliko,SKUPŠTINA OPŠTINE ZRENJANIN,,100,693476,692159,664435,0,118200,218472,59949,267814,966,26758,914,0,310
8049653,ČISTOĆA I ZELENILO,Zrenjanin,Beogradska 17,80152,Zrenjanin-grad,3811,Skupljanje otpada koji nije opasan,srednje,IZVRŠNI ODBOR SKUPŠTINE OPŠTINE ZRENJANIN,,0,371838,370424,362080,17533,41076,250926,16293,36252,3884,4460,1070,0,377
8356041,MELKOM,Melenci,Srpskih vladara 64,80152,Zrenjanin-grad,3811,Skupljanje otpada koji nije opasan,malo,MESNA ZAJEDNICA MELENCI,,100,15334,15294,15256,850,2034,6799,381,5192,38,0,36,0,18
20054042,JP RADIO ZRENJANIN ZRENJANIN,Zrenjanin,Narodne omladine 1,80152,Zrenjanin-grad,6020,Proizvodnja i emitovanje televizijskog programa             ,malo,SKUPŠTINA OPŠTINE ZRENJANIN,,100,23548,23213,22461,0,702,18198,527,3034,344,408,328,0,29
20489758,GRADSKA TOPLANA,Zrenjanin,Pančevačka bb,80152,Zrenjanin-grad,3530,Snabdevanje parom i klimatizacija                           ,malo,GRAD ZRENJANIN,,,,,,,,,,,,,,,
8169101,JP RADIO TELEVIZIJA INĐIJA INĐIJA,Inđija,Vojvode Stepe 1,80179,Inđija,6020,Proizvodnja i emitovanje televizijskog programa             ,malo,SKUPŠTINA OPŠTINE INĐIJA,,100,17697,17263,17260,0,761,13040,545,2914,3,0,434,0,20
8584877,KOMUNALAC,Inđija,Vojvode Stepe 20/III,80179,Inđija,3811,Skupljanje otpada koji nije opasan,srednje,SKUPŠTINA OPŠTINE INĐIJA,,100,181121,180736,166689,7553,44518,89410,10834,14374,4888,9159,385,0,146
8584885,VODOVOD I KANALIZACIJA,Inđija,Vojvode Stepe 48,80179,Inđija,3600,"Skupljanje, prečišćavanje i distribucija vode               ",srednje,СКУПШТИНА ОПШТИНЕ ИНЂИЈА,,100,153841,163175,143961,0,34863,68067,21497,19534,3592,15622,0,10176,88
8646708,JAVNO URBANISTIČKO PREDUZEĆE - U STEČAJU,Inđija,CARA DUŠANA 1,80179,Inđija,7111,Arhitektonska delatnost                                     ,malo,OPŠTINA INĐIJA,,0,3276,3310,3170,0,13,3098,43,16,34,106,0,34,4
20632348,JP INGRIN INĐIJA,Inđija,CARA DUŠANA 1,80179,Inđija,3811,Skupljanje otpada koji nije opasan,malo,SKUPŠTINA OPŠTINE INĐIJA,,100,,,,,,,,,,,,,
8411131,KOMUNALAC,Kanjiža,Narodni Park 5,80195,Kanjiža,3811,Skupljanje otpada koji nije opasan,malo,OPŠTINA KANJIŽA,,100,75762,75524,73601,2678,7544,29367,2767,31245,95,1828,164,0,46
8020981,JP ICK,Kikinda,Generala Drapšina 20,80209,Kikinda,6010,Emitovanje radio-programa                                   ,malo,SKUPŠTINA OPŠTINE KIKINDA,,100,16110,16855,15537,0,1336,11175,1093,1933,43,1275,0,745,20
8036446,JAVNO PREDUZEĆE AUTOPREVOZ SA PO KIKINDA,Kikinda,Đure Jakšića 2-6,80209,Kikinda,4931,Gradski i prigradski kopneni prevoz putnika                 ,srednje,СКУПШТИНА ОПШТИНЕ КИКИНДА,,100,271280,299825,266982,889,95850,98606,27323,44314,23385,9458,0,29115,203
8037043,6.OKTOBAR,Kikinda,Iđoški put 4,80209,Kikinda,3600,"Skupljanje, prečišćavanje i distribucija vode               ",srednje,Државни капитал,Lokalni nivo,100,257706,256438,236814,0,36219,105044,47921,47630,283,19341,1007,0,135
8792739,"JP TOPLANA KIKINDA, TRG SRPSKIH DOBROVOLJACA 12",Kikinda,Miloša Velikog 48,80209,Kikinda,3530,Snabdevanje parom i klimatizacija                           ,malo,SKUPŠTINA OPŠTINE KIKINDA,,100,192588,188694,185635,0,129706,39702,5000,11227,939,2120,3965,0,47
8029458,JAVNO PREDUZEĆE NAŠ STAN KOVAČICA,Kovačica,Janošikova 127,80217,Kovačica,7111,Arhitektonska delatnost                                     ,malo,SKUPŠTINA OPŠTINE KOVAČICA,,0,12038,12693,12029,0,2961,6112,655,2301,0,664,0,655,8
8077690,JKP ELAN KOVAČICA,Kovačica,Janošikova 123,80217,Kovačica,3600,"Skupljanje, prečišćavanje i distribucija vode               ",malo,SAVET MESNE ZAJEDNICE KOVAČICA,,0,20784,20416,20285,1104,3406,9356,2527,3892,85,46,368,0,19
8128472,4. OKTOBAR,Debeljača,Trg Maršala Tita 1,80217,Kovačica,3600,"Skupljanje, prečišćavanje i distribucija vode               ",malo,MESNA ZAJEDNICA DEBELJAČA,,0,13880,14557,14533,920,3419,5300,681,4213,0,24,0,677,15
8128472,,,,80217,,,,,SKUPŠTINA OPŠTINE KOVAČICA,,0,,,,,,,,,,,,,
8133662,RAD,Crepaja,Trg oslobođenja 11,80217,Kovačica,3600,"Skupljanje, prečišćavanje i distribucija vode               ",malo,SKUPŠTINA OPŠTINE KOVAČICA,,100,10223,10342,9063,0,1746,4560,973,1784,1279,0,0,119,13
8773378,BANAT,Uzdin,Trg Oslobođenja 1,80217,Kovačica,3600,"Skupljanje, prečišćavanje i distribucija vode               ",malo,SKUPŠTINA OPŠTINE KOVAČICA,,0,3289,3172,3131,0,645,1200,189,1097,0,41,117,0,4
8786038,PADINA,Padina,TRG OSLOBOĐENJA 9,80217,Kovačica,3600,"Skupljanje, prečišćavanje i distribucija vode               ",malo,Општина Ковачица,,0,10425,10396,10391,0,1867,4630,1143,2751,5,0,29,0,12
20360348,RADIO-TELEVIZIJA OPŠTINE KOVAČICA,Kovačica,?anošikova 127,80217,Kovačica,6020,Proizvodnja i emitovanje televizijskog programa             ,malo,OPŠTINA KOVAČICA,,100,17553,17338,17338,0,1934,8016,1250,6138,0,0,215,0,15
20432799,JP POSLOVNO REKREATIVNI CENTAR RELAX KOVAČICA,Kovačica,Vinogradska 2,80217,Kovačica,9311,Delatnost sportskih objekata                                ,malo,SKUPŠTINA OPŠTINE KOVAČICA,,,20462,21773,21773,919,5522,8267,44,7021,0,0,0,1311,21
8252050,KOVINSKI KOMUNALAC SA PO KOVIN,Kovin,Sonje Marinković 6,80225,Kovin,3600,"Skupljanje, prečišćavanje i distribucija vode               ",srednje,Друштвени капитал,Lokalni nivo,100,176026,175636,163362,3621,29661,99084,12110,18886,1622,10652,474,0,148
8646538,JP KOVIN-GAS KOVIN,Kovin,JNA 19,80225,Kovin,3522,Distribucija gasovitih goriva gasovodom                     ,srednje,SKUPŠTINA OPŠTINE KOVIN,,0,391190,390337,369115,341216,2009,15768,3698,6424,9370,11852,906,0,22
8004790,JKP KOMUNALAC KULA,Kula,29. Novembra 4,80233,Kula,3600,"Skupljanje, prečišćavanje i distribucija vode               ",malo,SKUPŠTINA OPŠTINE KULA,,100,81906,81827,81827,0,11685,36347,6014,27781,0,0,71,0,63
8005052,JKP RADNIK SIVAC,Sivac,M. Tita 186,80233,Kula,3600,"Skupljanje, prečišćavanje i distribucija vode               ",malo,SKUPŠTINA OPŠTINE KULA,,100,26695,26682,26509,0,4898,14822,1422,5367,169,4,13,0,35
8005079,JKP VODOVOD CRVENKA,Crvenka,Petra Drapšina 1,80233,Kula,3600,"Skupljanje, prečišćavanje i distribucija vode               ",malo,"SKUPŠTINA OPŠTINE KULA, KULA",,100,38717,38714,35192,246,6073,21623,1817,5433,181,3341,3,0,29
8136050,JP ZAVOD ZA URBANIZAM KULA-ODŽACI,Kula,Lenjinova 8,80233,Kula,7111,Arhitektonska delatnost                                     ,malo,SKUPŠTINA OPŠTINE KULA,,0,23293,23283,23115,0,751,17606,762,3996,0,168,3,0,16
8136050,,,,80233,,,,,SKUPŠTINA OPŠTINE ODŽACI,,0,,,,,,,,,,,,,
20547987,JKP 8. AVGUST,Srpska Crnja,Kralja Aleksandra 60,80250,Nova Crnja,3600,"Skupljanje, prečišćavanje i distribucija vode               ",malo,SKUPŠTINA OPŠTINE NOVA CRNJA,,100,,,,,,,,,,,,,
8259127,KJP KOMPRED NOVO MILOŠEVO,Novo Miloševo,Trg palih heroja 2-6,80268,Novi Bečej,3600,"Skupljanje, prečišćavanje i distribucija vode               ",malo,SKUPŠTINA OPŠTINE NOVI BEČEJ,,0,16817,16727,16233,0,3955,8811,1095,2372,25,469,85,0,10
8285063,KOMUNALAC,Novi Bečej,Slobodana Perića 163,80268,Novi Bečej,3600,"Skupljanje, prečišćavanje i distribucija vode               ",malo,СКУПШТИНА ОПШТИНА НОВИ БЕЧЕЈ,,0,144320,144241,141322,2619,82938,34632,7949,13184,2860,59,71,0,47
8662959,JP RADIO NB NOVI BEČEJ,Novi Bečej,Maršala Tita 8,80268,Novi Bečej,6020,Proizvodnja i emitovanje televizijskog programa             ,malo,OPŠTINA NOVI BEČEJ,,0,2317,2979,2978,0,73,1602,366,937,1,0,0,662,6
8128260,JAVNO KOMUNALNO PREDUZEĆE 7. OKTOBAR NOVI KNEŽEVAC,Novi Kneževac,Karađorđeva 49,80276,Novi Kneževac,3600,"Skupljanje, prečišćavanje i distribucija vode               ",malo,JAVNO KOMUNALNO PREDUZEĆE 7.OKTOBAR NOVI KNEŽEVAC,,0,111406,111090,109606,0,66191,33635,3269,6511,491,993,366,0,64
8023182,JKP INFORMATIKA NOVI SAD,Novi Sad,Bulevar Cara Lazara 3,80284,Novi Sad-grad,6110,Kablovske telekomunikacije                                  ,srednje,GRAD NOVI SAD,,,347648,344630,336667,6770,36636,200528,8112,84621,465,7498,2917,0,154
8023182,,,,80284,,,,,Друштвени капитал,Lokalni nivo,,,,,,,,,,,,,,
8038210,NOVOSADSKA TOPLANA,Novi Sad,Vladimira Nikolića 1,80284,Novi Sad-grad,3530,Snabdevanje parom i klimatizacija                           ,veliko,"JAVNO KOMUNALNO PREDUZEĆE NOVOSADSKA TOPLANA  SA POTPUNOM ODGOVORNOŠĆU NOVI SAD, VLADIMIRA NIKOLIĆA 1",,0,4091407,4124817,3988714,0,2959271,393682,296748,339013,53876,82227,0,46996,290
8038210,,,,80284,,,,,Друштвени капитал,Lokalni nivo,0,,,,,,,,,,,,,
8038210,,,,80284,,,,,Државни капитал,Lokalni nivo,100,,,,,,,,,,,,,
8041083,VODOVOD I KANALIZACIJA,Novi Sad,Masarikova 17,80284,Novi Sad-grad,3600,"Skupljanje, prečišćavanje i distribucija vode               ",veliko,Државни капитал,Lokalni nivo,100,1221679,1742135,1700760,0,207857,744779,527148,220976,6176,35199,0,521904,655
8041822,JGSP NOVI SAD,Novi Sad,Futoški put 46,80284,Novi Sad-grad,4931,Gradski i prigradski kopneni prevoz putnika                 ,veliko,NARODNI ODBOR GRADA NOVOG SADA,,100,2541831,2477743,2326327,0,732868,1313666,192125,87668,99921,51495,64065,0,1263
8042292,FRUŠKA GORA,Sremska Kamenica,Zmajev trg 1,80284,Novi Sad-grad,9104,Delatnost botaničkih i zooloških vrtova i zaštita prirodnih vrednosti,srednje,AUTONOMNA POKRAJINA VOJVODINA,,100,332761,332210,317206,871,27583,128792,31652,128308,2274,12730,621,0,162
8055432,JKP GRADSKO ZELENILO NOVI SAD,Novi Sad,BULEVAR MIHAJLA PUPINA 25,80284,Novi Sad-grad,8130,Usluge uredjenja i održavanja okoline                        ,veliko,SKUPŠTINA GRADA,,100,587476,609400,592282,11913,98282,309752,15621,156714,12993,4125,0,16730,354
8055475,JKP LISJE SA POTPUNOM ODGOVORNOŠĆU NOVI SAD,Novi Sad,Narodnog fronta 53,80284,Novi Sad-grad,9603,Pogrebne i srodne delatnosti                                ,veliko,SKUPŠTINA GRADA NOVOG SADA,,100,630909,665900,628585,24025,127172,307207,30614,139567,27258,10057,0,34991,345
8066531,JKP ČISTOĆA NOVI SAD,Novi Sad,Sentandrejski put 3,80284,Novi Sad-grad,3811,Skupljanje otpada koji nije opasan,veliko,SKUPŠTINA GRADA NOVOG SADA,,0,1042735,1166600,1038203,0,145870,650246,101573,140514,42342,86055,0,119597,645
8073074,JKP TRŽNICA NOVI SAD,Novi Sad,Žike Popovića 4,80284,Novi Sad-grad,6820,Iznajmljivanje vlastitih ili iznajmljenih nekretnina i upravljanje njima,srednje,SKUPŠTINA GRADA NOVOG SADA,,100,389204,373052,360616,0,12756,245619,39700,62541,274,12162,22995,0,188
8113700,JP URBANIZAM  NOVI SAD,Novi Sad,Bulevar Cara Lazara 3,80284,Novi Sad-grad,7111,Arhitektonska delatnost                                     ,srednje,RO URBIS  NOVI SAD,,0,245044,225271,212354,0,5799,177666,6904,21985,103,12814,19377,0,102
8113700,,,,80284,,,,,SKUPŠTINA GRADA NOVOG SADA,,0,,,,,,,,,,,,,
8114854,STAN,Novi Sad,Lasla Gala 22,80284,Novi Sad-grad,4329,Ostali instalacioni radovi u gradjevinarstvu                 ,srednje,Државни капитал,Lokalni nivo,100,717867,1003421,817589,2871,140774,348452,11556,313936,131534,54298,0,285554,471
8157359,JP SPORTSKI I POSLOVNI CENTAR VOJVODINA  NOVI SAD,Novi Sad,Sutjeska 2,80284,Novi Sad-grad,9311,Delatnost sportskih objekata                                ,veliko,SKUPŠTINA GRADA NOVOG SADA,,0,550998,542121,538741,49,101271,363130,35332,38959,11,3369,605,0,315
8157359,,,,80284,,,,,SKUPŠTINA SAMOUPRAVNE INTERESNE ZAJEDNICE ZA FIZIČKU KULTURU GRADA NOVOG SADA,,0,,,,,,,,,,,,,
8171963,PUT,Novi Sad,Rumenačka 150/a,80284,Novi Sad-grad,4211,Izgradnja puteva i autoputeva                               ,veliko,KOMUNALNO PREDUZEĆE VODOVOD,,0,1419511,1636451,1581566,0,303066,443607,85608,749285,51499,3386,0,226541,403
8171963,,,,80284,,,,,SKUPŠTINA GRADA NOVI SAD,,0,,,,,,,,,,,,,
8691193,JP APOLO NOVI SAD,Novi Sad,Trg Slobode 3,80284,Novi Sad-grad,6020,Proizvodnja i emitovanje televizijskog programa             ,malo,SKUPŠTINA GRADA NOVOG SADA,,0,76652,75685,71001,0,2664,51621,3917,12799,2599,2085,967,0,69
8761809,VODE VOJVODINE,Novi Sad,Bulevar Mihajla Pupina 25,80284,Novi Sad-grad,7112,Inženjerske delatnosti i tehničko savetovanje               ,veliko,СКУПШТИНА АП ВОЈВОДИНА,,100,4377049,4336227,3649981,0,76847,500372,308796,2763966,3031,683215,14688,0,429
8762198,JP VOJVODINAŠUME PETROVARADIN,Petrovaradin,Preradovićeva 2,80284,Novi Sad-grad,210,Gajenje šuma i ostale šumarske delatnosti                   ,veliko,AUTONOMNA POKRAJINA VOJVODINA,,100,3438655,3219736,3104343,14794,445366,1475723,772027,396433,13114,102279,206286,0,1748
8831149,JKP PARKING SERVIS NOVI SAD,Novi Sad,Filipa Višnjića 47,80284,Novi Sad-grad,5221,Uslužne delatnosti u kopnenom saobraćaju                    ,srednje,SKUPŠTINA GRADA NOVOG SADA,,100,241069,239372,221306,821,17466,131264,24626,47129,2928,15138,599,0,154
8143099,JP MLADOST OPOVO,Opovo,JNA 7,80292,Opovo,3600,"Skupljanje, prečišćavanje i distribucija vode               ",malo,SKUPŠTINA OPŠTINA OPOVO,,,38179,37906,36813,0,10613,17733,2060,6407,622,471,103,0,34
8063753,JKP USLUGA ODŽACI,Odžaci,Železnička 45,80306,Odžaci,3811,Skupljanje otpada koji nije opasan,malo,Државни капитал,Lokalni nivo,0,72497,79825,79311,1748,21968,32096,5427,18072,224,290,0,7328,66
8220441,INFORMATIVNI CENTAR,Odžaci,Jurija Gagarina 20,80306,Odžaci,6020,Proizvodnja i emitovanje televizijskog programa             ,malo,OPŠTINA ODŽACI,,0,7240,7214,7189,0,555,5161,302,1171,25,0,26,0,6
8006148,ATP PO PANČEVO,Pančevo,JNA 33,80314,Pančevo-grad,4931,Gradski i prigradski kopneni prevoz putnika                 ,veliko,SKUPŠTINA OPŠTINE PANČEVO,,100,537047,578670,563936,0,186751,287502,44739,44944,423,14311,0,38262,499
8077568,JKP MLADOST PANČEVO,Pančevo,Miloša Trebinjca 3,80314,Pančevo-grad,8130,Usluge uredjenja i održavanja okoline                        ,srednje,OPŠTINA PANČEVO,,0,95645,95520,94401,0,30615,39251,6921,17614,360,759,125,0,53
8393346,RTV PANČEVO,Pančevo,Dimitrija Tucovića 2,80314,Pančevo-grad,6020,Proizvodnja i emitovanje televizijskog programa             ,malo,OPŠTINA OPOVO,,0,76164,76035,71067,0,5153,42636,3788,19490,34,4934,116,0,56
8393346,,,,80314,,,,,OPŠTINA PANČEVO,,0,,,,,,,,,,,,,
8487502,JKP VODOVOD I KANALIZACIJA PO PANČEVO,Pančevo,Oslobođenja 15,80314,Pančevo-grad,3600,"Skupljanje, prečišćavanje i distribucija vode               ",veliko,GRAD PANČEVO,,100,473686,596046,543042,0,63787,239054,127970,112231,143,52861,0,122119,265
8487529,HIGIJENA,Pančevo,Cara Lazara 57,80314,Pančevo-grad,3811,Skupljanje otpada koji nije opasan,veliko,Државни капитал,Lokalni nivo,100,398976,398090,385108,5701,45869,264310,23366,45862,5614,7368,688,0,354
8487537,ZELENILO,Pančevo,Dimitrija Tucovića 7 a,80314,Pančevo-grad,8130,Usluge uredjenja i održavanja okoline                        ,srednje,SKUPŠTINA OPŠTINA PANČEVO,,0,457675,457303,452157,18163,45907,260657,22699,104731,506,4640,716,0,343
8488754,JKP GREJANJE PO PANČEVO,Pančevo,Cara Dušana 7,80314,Pančevo-grad,3530,Snabdevanje parom i klimatizacija                           ,srednje,GRAD PANČEVO,,0,546593,603453,559195,0,390755,114925,25749,27766,9969,34289,0,38625,130
8584281,KOMBREST,Banatski Brestovac,Maršala Tita 4a,80314,Pančevo-grad,8130,Usluge uredjenja i održavanja okoline                        ,malo,MESNA ZAJEDNICA BANATSKI BRESTOVAC,,100,8126,7958,7958,0,1589,4085,1488,796,0,0,168,0,10
8588147,JKP DOLOVI PO DOLOVO,Dolovo,Maršala Tita 5,80314,Pančevo-grad,3600,"Skupljanje, prečišćavanje i distribucija vode               ",malo,ODBOR MESNE ZAJEDNICE MITA VUKOSAVLJEV,,100,15899,15680,12839,0,3379,5684,569,3207,126,2715,193,0,12
8594872,JKP OMOLJICA OMOLJICA,Omoljica,Patrijarha Arsenija Čarnojevića 1,80314,Pančevo-grad,3811,Skupljanje otpada koji nije opasan,malo,MESNA ZAJEDNICA,,100,10280,11297,11139,0,1587,7433,969,1150,0,158,0,1023,15
8597642,JPK VOD-KOM JABUKA PO,Jabuka,Trg Borisa Kidriča 1,80314,Pančevo-grad,3600,"Skupljanje, prečišćavanje i distribucija vode               ",malo,"MESNA ZAJEDNICA JABUKA , TRG BORISA KIDRIČA 1",,100,20211,20188,19713,0,2638,7035,92,9948,181,294,21,0,12
8603162,GLOGONJ,Glogonj,Beogradska 7,80314,Pančevo-grad,3600,"Skupljanje, prečišćavanje i distribucija vode               ",malo,ODBOR MESNE ZAJEDNICE GLOGONJ,,100,7691,8212,8210,0,1565,5317,544,784,2,0,0,521,11
8685029,JKP KAČAREVO KAČAREVO,Kačarevo,Maršala Tita 37,80314,Pančevo-grad,3600,"Skupljanje, prečišćavanje i distribucija vode               ",malo,MESNA ZAJEDNICA KAČAREVO,,100,21254,21220,20934,0,4265,11157,1219,4293,9,277,23,0,20
8271356,SAVA,Pećinci,Slobodana Bajića 5,80322,Pećinci,3530,Snabdevanje parom i klimatizacija                           ,malo,SKUPŠTINA OPŠTINE PEĆINCI,,100,40032,38741,38573,0,12517,14822,1994,9240,127,41,1162,0,20
20585439,JKP KANALIZACIJA PEĆINCI PEĆINCI,Pećinci,INDUSTRIJSKA ZONA ORAČKO POLJE bb,80322,Pećinci,3811,Skupljanje otpada koji nije opasan,malo,OPŠTINA PEĆINCI,,100,,,,,,,,,,,,,
8027021,STAMBENO,Ruma,JNA 144,80357,Ruma,3530,Snabdevanje parom i klimatizacija                           ,malo,SKUPŠTINA OPŠTINA RUMA,,100,99543,107315,93688,0,61256,22500,2584,7348,2006,11621,0,7772,30
8099545,VODOVOD,Ruma,Orlovićeva bb,80357,Ruma,3600,"Skupljanje, prečišćavanje i distribucija vode               ",srednje,SKUPŠTINA OPŠTINA RUMA,,100,196845,207044,204985,0,61624,83915,27490,31956,1431,628,0,10017,145
8099553,KOMUNALAC,Ruma,Jelenačka 2,80357,Ruma,3811,Skupljanje otpada koji nije opasan,srednje,SKUPŠTINA OPŠTINA RUMA,,100,133552,131863,127851,4586,17252,84510,5837,15666,512,3500,410,0,143
8161259,PLAN,Ruma,27. Oktobar 7a,80357,Ruma,7111,Arhitektonska delatnost                                     ,malo,SKUPŠTINA OPŠTINA RUMA,,0,33364,33025,32363,0,1603,23212,1637,5911,0,662,237,0,19
8161259,,,,80357,,,,,SKUPŠTINA OPŠTINE PEĆINCI,,0,,,,,,,,,,,,,
8593205,JP GAS RUMA,Ruma,JNA 136.,80357,Ruma,3522,Distribucija gasovitih goriva gasovodom                     ,srednje,SKUPŠTINA OPŠTINE RUMA,,,496967,484263,480303,394688,6455,51881,15007,12272,37,3923,11892,0,42
8025886,ELGAS JP SENTA,Senta,Miksat Kalmana 37,80365,Senta,3522,Distribucija gasovitih goriva gasovodom                     ,malo,SKUPŠTINA OPŠTINE SENTA,,100,100027,97891,96655,0,68864,20526,1907,5358,518,718,2079,0,39
8139679,JKSP SENTA,Senta,Ilije Birčanina 2,80365,Senta,3600,"Skupljanje, prečišćavanje i distribucija vode               ",srednje,OPŠTINA SENTA,,0,,,,,,,,,,,,,
8150346,SEČANJ,Sečanj,Prvomajska bb,80373,Sečanj,3600,"Skupljanje, prečišćavanje i distribucija vode               ",malo,SKUPŠTINA OPŠTINE SEČANJ,,0,44880,46267,44399,187,9357,28654,1441,4760,385,1483,0,1387,81
8685657,?P SEČANJ sa P.O. SEČANJ,Sečanj,Partizanski put 56,80373,Sečanj,6020,Proizvodnja i emitovanje televizijskog programa             ,malo,OPŠTINA SEČANJ,,100,7996,7944,7910,0,222,6235,72,1381,0,34,52,0,12
8046751,VODOKANAL SOMBOR,Sombor,Belog goluba 5,80381,Sombor-grad,3600,"Skupljanje, prečišćavanje i distribucija vode               ",srednje,SKUPŠTINA OPŠTINE SOMBOR,,100,269299,263863,249018,0,54859,98618,33893,61648,6516,8329,4863,0,96
8046816,ČISTOĆA,Sombor,Rade Drakulića 12,80381,Sombor-grad,3811,Skupljanje otpada koji nije opasan,srednje,GRAD SOMBOR,,100,259426,258408,254110,6842,43735,155241,12861,35431,291,4007,703,0,235
8046875,URBANIZAM I ZAŠTITU SPOMENIKA KULTURE,Sombor,Venac Radomira Putnika 18,80381,Sombor-grad,7111,Arhitektonska delatnost                                     ,malo,SKUPŠTINA OPŠTINE SOMBOR,,0,20201,20036,20031,0,701,15885,619,2826,0,5,165,0,22
8143382,JP ENERGANA,Sombor,Milete Protića 14,80381,Sombor-grad,3530,Snabdevanje parom i klimatizacija                           ,malo,SKUPŠTINA OPŠTINE SOMBOR,,100,221264,220271,192542,0,128010,46690,3383,14459,6500,21229,993,0,44
8189544,VODOVOD,Bezdan,Somborski put bb,80381,Sombor-grad,3600,"Skupljanje, prečišćavanje i distribucija vode               ",malo,MESNA ZAJEDNICA BEZDAN,,100,7635,8582,8577,0,1091,5768,866,852,0,5,0,947,7
20121432,PARKING SERVIS SOMBOR,Sombor,TRG CARA LAZARA 1,80381,Sombor-grad,5221,Uslužne delatnosti u kopnenom saobraćaju                    ,malo,SKUPŠTINA OPŠTINA SOMBOR,,100,27250,26759,24750,0,1416,16579,864,5891,706,1303,491,0,31
8067546,JKP GRADITELJ SRBOBRAN,Srbobran,Dositeja Obradovića 2,80390,Srbobran,3600,"Skupljanje, prečišćavanje i distribucija vode               ",srednje,SKUPŠTINA OPŠTINE SRBOBRAN,,0,160783,166371,164108,2727,96745,39870,13471,11295,562,1701,0,5588,62
8234752,KOMUNALIJE,Sremska Mitrovica,Stari Šor 114,80403,Sremska Mitrovica-grad,3811,Skupljanje otpada koji nije opasan,srednje,SKUPŠTINA OPŠTINE SREMSKA MITROVICA,,0,181740,184145,173386,3900,24899,111465,12430,20692,9746,1013,0,2586,179
8234779,VODOVOD,Sremska Mitrovica,Stari Šor 114,80403,Sremska Mitrovica-grad,3600,"Skupljanje, prečišćavanje i distribucija vode               ",srednje,GRAD SREMSKA MITROVICA,,100,205186,237400,234958,0,66203,95422,38147,35186,1745,697,0,29589,153
8675295,JP SREM-GAS SREMSKA MITROVICA,Sremska Mitrovica,Trg Vojvođanskih brigada 14/I,80403,Sremska Mitrovica-grad,3522,Distribucija gasovitih goriva gasovodom                     ,srednje,OPŠTINA SREMSKA MITROVICA,,0,377745,384960,370298,0,312053,22272,26292,9681,14117,545,0,994,28
8121460,?P URBANIZAM STARA PAZOVA,Stara Pazova,Svetosavska 11,80420,Stara Pazova,7111,Arhitektonska delatnost                                     ,malo,OPŠTINA STARA PAZOVA,,100,20964,20873,20724,0,950,16347,824,2603,149,0,86,0,12
8591130,VODOVOD I KANALIZACIJA,Stara Pazova,Branka Radičevića 2,80420,Stara Pazova,3600,"Skupljanje, prečišćavanje i distribucija vode               ",srednje,Државни капитал,Lokalni nivo,100,138417,138881,137462,0,26320,60418,7878,42846,9,1410,993,0,91
8591148,ČISTOĆA,Stara Pazova,Zmaj Jovina bb,80420,Stara Pazova,3811,Skupljanje otpada koji nije opasan,srednje,Државни капитал,Lokalni nivo,100,159481,156549,147141,1793,21756,84096,13901,25595,5907,3501,2898,0,149
8009309,RADIO SUBOTICA,Subotica,Put Jovana Mikića 12,80438,Subotica-grad,6010,Emitovanje radio-programa                                   ,malo,SKUPŠTINA OPŠTINE SUBOTICA,,100,52246,52911,52791,0,2776,44863,694,4458,1,119,0,665,51
8038180,JKP SUBOTIČKA TOPLANA,Subotica,Segedinski put 22,80438,Subotica-grad,3530,Snabdevanje parom i klimatizacija                           ,srednje,OPŠTINA SUBOTICA,,100,622144,587708,533486,0,376559,79992,28645,48290,4015,50207,1942,0,88
8049548,JP SUBOTICA-TRANS,Subotica,Segedinski put 84,80438,Subotica-grad,4931,Gradski i prigradski kopneni prevoz putnika                 ,veliko,OPŠTINA SUBOTICA,,100,512023,510917,506991,0,155383,251836,59473,40299,613,3313,400,0,375
8058644,POGREBNO,Subotica,Trg žrtava fašizma 1,80438,Subotica-grad,9603,Pogrebne i srodne delatnosti                                ,malo,Skupština opštine Subotica,,100,33666,34993,34719,0,3591,23817,1407,5904,2,272,0,1327,29
8065136,ČISTOĆA I ZELENILO,Subotica,Jožefa Atile 4,80438,Subotica-grad,3811,Skupljanje otpada koji nije opasan,srednje,OPŠTINA SUBOTICA,,100,372013,369010,342455,0,70005,185105,25456,61889,10380,16175,2687,0,290
8065195,VODOVOD I KANALIZACIJA,Subotica,Trg Lazara Nešića 9/a,80438,Subotica-grad,3600,"Skupljanje, prečišćavanje i distribucija vode               ",srednje,OPŠTINA SUBOTICA,,100,492290,488410,476638,0,85159,203549,105212,82718,567,11205,9981,0,226
8547718,JKP STADION,Subotica,Sep Ferenca 3,80438,Subotica-grad,8130,Usluge uredjenja i održavanja okoline                        ,malo,REPUBLIKA SRBIJA AUTONOMNA POKRAJINA VOJVODINA SKUPŠTINA OPŠTINE SUBOTICA,,100,70885,77297,75557,13,26355,32880,1097,15212,219,1521,0,12824,42
8594953,JP PALIĆ-LUDAŠ PALIĆ,Palić,KANJIŠKI PUT 17 A,80438,Subotica-grad,9103,"Zaštita i održavanje nepokretnih kulturnih dobara, kulturno-istorijskih lokacija, zgrada i sličnih turističkih spomenika",srednje,SKUPŠTINA OPŠTINE SUBOTICA,,0,75994,75920,70326,254,10328,37756,4580,17408,4315,1279,42,0,72
8676089,JAVNO KOMUNALNO PREDUZEĆE PARKING SUBOTICA,Subotica,đure đakovića 23,80438,Subotica-grad,5221,Uslužne delatnosti u kopnenom saobraćaju                    ,malo,Скупштина општине суботица,,100,82930,82526,71232,0,6130,39877,7381,17844,141,11153,270,0,60
8681767,JKP DIMNIČAR SUBOTICA - KÉMÉNYSEPRO KKV SZABADKA,Subotica,Braće Radića 50,80438,Subotica-grad,8122,Usluge ostalog čišćenja zgrada i opreme                     ,malo,SKUPŠTINA OPŠTINE SUBOTICA,,100,33537,33120,26979,0,1555,19410,359,5655,906,5235,417,0,29
8711585,SUBOTIČKE PIJACE,Subotica,Đure Đakovića 23,80438,Subotica-grad,6820,Iznajmljivanje vlastitih ili iznajmljenih nekretnina i upravljanje njima,malo,OPŠTINA SUBOTICA,,100,56497,56106,55194,0,4976,23807,1348,25063,386,526,391,0,25
20064102,ZAVOD ZA URBANIZAM GRADA SUBOTICE,Subotica,Trg Republike 16,80438,Subotica-grad,7111,Arhitektonska delatnost                                     ,malo,ОПШТИНА СУБОТИЦА,,100,91257,90435,87621,0,4845,54810,2367,25599,754,2060,791,0,49
20114223,SUBOTICAGAS,Subotica,JOVANA MIKIĆA 58,80438,Subotica-grad,3522,Distribucija gasovitih goriva gasovodom                     ,srednje,OPŠTINA SUBOTICA,,100,822980,806929,763493,635697,21913,48741,32521,24621,32790,10646,17246,0,49
8060274,JP GAS TEMERIN,Temerin,Novosadska 421,80446,Temerin,3522,Distribucija gasovitih goriva gasovodom                     ,srednje,SKUPŠTINA OPŠTINE TEMERIN,,0,267502,265752,257605,210594,5612,27706,3568,10125,8127,20,333,0,26
8658595,"JKP TEMERIN,TEMERIN",Temerin,Košut Lajoša 31/1,80446,Temerin,3600,"Skupljanje, prečišćavanje i distribucija vode               ",srednje,OPŠTINA TEMERIN OPŠTINSKA UPRAVA,,100,178587,212163,188818,5984,37363,87634,16090,41747,5012,18333,0,33576,163
8050449,KOMUNALAC TITEL,Titel,Glavna ulica 14/a,80454,Titel,3600,"Skupljanje, prečišćavanje i distribucija vode               ",malo,Друштвени капитал,Lokalni nivo,0,107855,105969,105011,0,9069,16070,3480,76392,101,857,1886,0,39
8057982,JKP STANDARD VRBAS,Vrbas,Save Kovačevića 87,80462,Vrbas,3600,"Skupljanje, prečišćavanje i distribucija vode               ",srednje,OPŠTINA VRBAS,,0,253079,305013,289145,7605,94573,107525,21206,58236,12310,3558,0,51934,247
8057982,,,,80462,,,,,PROJEKTNO PREDUZEĆE VRBAS VRBAS,,,,,,,,,,,,,,,
8061122,VRBAS,Vrbas,Maršala Tita 105,80462,Vrbas,6020,Proizvodnja i emitovanje televizijskog programa             ,malo,OPŠTINSKA UPRAVA VRBAS,,100,28921,30799,30795,0,1825,24244,1287,3439,4,0,0,1878,44
8666016,JP VRBAS GAS VRBAS,Vrbas,Kozaračka 3,80462,Vrbas,3522,Distribucija gasovitih goriva gasovodom                     ,srednje,Општина Врбас,,0,498013,487109,458560,396849,4371,17559,29161,10620,27303,1246,9912,0,15
8148058,ČOKA,Čoka,Palih boraca 5,80489,Čoka,3600,"Skupljanje, prečišćavanje i distribucija vode               ",malo,OPŠTINA ČOKA,,100,64123,67397,65247,1191,32144,23035,3242,5635,309,1841,0,3285,45
8126437,RADIO ŠID,Šid,Karađorđeva 9/IV,80497,Šid,6020,Proizvodnja i emitovanje televizijskog programa             ,malo,SKUPŠTINA OPŠTINE ŠID,,100,26822,25624,25128,0,3730,15095,2853,3450,0,496,1129,0,21
8144494,ZAVOD ZA URBANIZAM,Šid,Kneza Miloša 2/1,80497,Šid,7111,Arhitektonska delatnost                                     ,malo,SKUPŠTINA OPŠTINE ŠID,,100,9788,9788,9361,0,821,4679,299,3562,24,403,0,0,8
8154929,"JKP VODOVOD, SA PO ŠID, SVETOG SAVE 40",Šid,Svetog Save 40,80497,Šid,3600,"Skupljanje, prečišćavanje i distribucija vode               ",srednje,СКУПШТИНА ОПШТИНА ШИД,,100,81401,88534,85731,0,15210,44861,11119,14541,200,2603,0,7260,80
8736634,JKP STANDARD ŠID,Šid,Svetog Save 80,80497,Šid,3811,Skupljanje otpada koji nije opasan,malo,OPŠTINA ŠID,,0,75426,75312,73707,4034,10703,47909,4029,7032,909,696,306,0,105
8755418,JP SC-ŠID,Šid,Matije Gupca 5,80497,Šid,9311,Delatnost sportskih objekata                                ,malo,OPŠTINA ŠID,,0,8848,8837,8510,377,1865,4194,652,1422,0,327,11,0,13
